Rank,Year,Player,Position,Current Team,Current Level,Current Age,Bats,Throws,Age at Ranking
1,2015,Byron Buxton,OF,Minnesota Twins,MLB,32,R,R,21
2,2015,Kris Bryant,3B,Colorado Rockies,MLB,34,R,R,23
3,2015,Carlos Correa,SS,Houston Astros,MLB,32,R,R,21
4,2015,Francisco Lindor,SS,New York Mets,MLB,32,S,R,21
5,2015,Addison Russell,SS,-,-,32,R,R,21
6,2015,Lucas Giolito,RHP,San Diego Padres,MLB,32,R,R,21
7,2015,Corey Seager,SS/3B,Texas Rangers,MLB,32,L,R,21
8,2015,Julio Urías,LHP,Los Angeles Dodgers,MLB,30,L,L,19
9,2015,Joey Gallo,3B/1B,Chicago White Sox,MLB,32,L,R,21
10,2015,Noah Syndergaard,RHP,Chicago White Sox,AAA,34,L,R,23
11,2015,Miguel Sanó,3B,-,-,33,R,R,22
12,2015,Tyler Glasnow,RHP,Los Angeles Dodgers,MLB,33,L,R,22
13,2015,Joc Pederson,OF,Texas Rangers,MLB,34,L,L,23
14,2015,Carlos Rodón,LHP,New York Yankees,MLB,33,L,L,22
15,2015,Archie Bradley,RHP,Miami Marlins,AAA,34,R,R,23
16,2015,Jon Gray,RHP,Texas Rangers,MLB,34,R,R,23
17,2015,Daniel Norris,LHP,Cleveland Guardians,AAA,33,L,L,22
18,2015,Blake Swihart,C,-,-,34,S,R,23
19,2015,Henry Owens,P,-,-,34,L,L,23
20,2015,Dylan Bundy,RHP,New York Mets,AAA,33,S,R,22
21,2015,J.P. Crawford,SS,Seattle Mariners,MLB,31,L,R,20
22,2015,Jorge Soler,OF,Los Angeles Angels,MLB,34,R,R,23
23,2015,Luis Severino,RHP,Athletics,MLB,32,R,R,21
24,2015,Robert Stephenson,RHP,Los Angeles Angels,MLB,33,R,R,22
25,2015,Andrew Heaney,LHP,Los Angeles Dodgers,MLB,35,L,L,24
26,2015,Jesse Winker,OF,New York Mets,MLB,33,L,L,22
27,2015,Tyler Kolek,RHP,Miami Marlins,A,30,R,R,19
28,2015,Alex Jackson,C,Minnesota Twins,AAA,30,R,R,19
29,2015,Alex Meyer,RHP,Los Angeles Angels,AAA,36,R,R,25
30,2015,Mark Appel,RHP,Philadelphia Phillies,AAA,35,R,R,24
31,2015,Jameson Taillon,RHP,Toronto Blue Jays,MLB,34,R,R,23
32,2015,José Berríos,RHP,Toronto Blue Jays,MLB,32,R,R,21
33,2015,Nick Gordon,SS/2B,Kansas City Royals,AAA,30,L,R,19
34,2015,Josh Bell,1B/OF,Minnesota Twins,MLB,34,S,R,23
35,2015,Eddie Butler,RHP,-,-,35,R,R,24
36,2015,Kohl Stewart,RHP,Kansas City Royals,AAA,31,R,R,20
37,2015,Aaron Nola,RHP,Philadelphia Phillies,MLB,33,R,R,22
38,2015,José Peraza,2B/OF,-,-,32,R,R,21
39,2015,Braden Shipley,RHP,Seattle Mariners,AA,34,R,R,23
40,2015,Adalberto Mondesi,SS,Boston Red Sox,MLB,31,S,R,20
41,2015,Hunter Harvey,RHP,Chicago Cubs,MLB,31,R,R,20
42,2015,Michael A. Taylor,RF,Chicago White Sox,MLB,35,R,R,24
43,2015,Dalton Pompey,OF,Los Angeles Angels,AAA,33,S,R,22
44,2015,Aaron Sanchez,RHP,Kansas City Royals,AAA,34,R,R,23
45,2015,Jorge Alfaro,C,Kansas City Royals,AAA,33,R,R,22
46,2015,Austin Meadows,OF,Detroit Tigers,MLB,31,L,L,20
47,2015,Carl Edwards Jr.,RHP,Detroit Tigers,AAA,35,R,R,24
48,2015,Hunter Renfroe,OF,Kansas City Royals,MLB,34,R,R,23
49,2015,Kyle Schwarber,C,Philadelphia Phillies,MLB,33,L,R,22
50,2015,D.J. Peterson,1B,Colorado Rockies,AAA,34,R,R,23
51,2015,Austin Hedges,C,Cleveland Guardians,MLB,34,R,R,23
52,2015,A.J. Cole,RHP,-,-,34,R,R,23
53,2015,Clint Frazier,OF,Chicago White Sox,AAA,32,R,R,21
54,2015,Nomar Mazara,OF,-,-,31,L,L,20
55,2015,Maikel Franco,3B/1B,-,-,34,R,R,23
56,2015,Sean Manaea,LHP,New York Mets,MLB,34,R,L,23
57,2015,Albert Almora Jr.,OF,Arizona Diamondbacks,AAA,32,R,R,21
58,2015,Kyle Zimmer,RHP,Cincinnati Reds,AAA,35,R,R,24
59,2015,David Dahl,OF,Philadelphia Phillies,AAA,32,L,R,21
60,2015,Kyle Freeland,LHP,Colorado Rockies,MLB,33,L,L,22
61,2015,Justin O'Conner,C,-,-,34,R,R,23
62,2015,Trea Turner,2B/SS,Philadelphia Phillies,MLB,33,R,R,22
63,2015,Kevin Plawecki,C,San Diego Padres,AAA,35,R,R,24
64,2015,Reese McGuire,C,Chicago White Sox,MLB,31,L,R,20
65,2015,Daniel Robertson,INF,Atlanta Braves,AAA,32,R,R,21
66,2015,Steven Matz,LHP,Tampa Bay Rays,MLB,35,R,L,24
67,2015,Sean Newcomb,LHP,Chicago White Sox,MLB,33,L,L,22
68,2015,Aaron Judge,OF,New York Yankees,MLB,34,R,R,23
69,2015,Matt Wisler,RHP,Toronto Blue Jays,AAA,34,R,R,23
70,2015,J.T. Realmuto,C,Philadelphia Phillies,MLB,35,R,R,24
71,2015,Domingo Santana,OF,Cleveland Guardians,AAA,34,R,R,23
72,2015,Brandon Nimmo,OF,Texas Rangers,MLB,33,L,R,22
73,2015,Matt Olson,1B,Atlanta Braves,MLB,32,L,R,21
74,2015,Nick Kingham,RHP,-,-,34,R,R,23
75,2015,Brandon Finnegan,LHP,Chicago White Sox,AAA,33,L,L,22
76,2015,Tim Anderson,SS,Los Angeles Angels,MLB,33,R,R,22
77,2015,Willy Adames,SS/2B,San Francisco Giants,MLB,31,R,R,20
78,2015,Mike Foltynewicz,RHP,Texas Rangers,MLB,34,R,R,23
79,2015,Kyle Crick,RHP,New York Mets,AAA,33,L,R,22
80,2015,Jake Lamb,3B,San Francisco Giants,AAA,35,L,R,24
81,2015,Aaron Blair,RHP,-,-,34,R,R,23
82,2015,Michael Conforto,OF,Chicago Cubs,MLB,33,L,R,22
83,2015,Jake Thompson,RHP,-,-,32,R,R,21
84,2015,Miguel Almonte,RHP,Los Angeles Angels,AAA,33,R,R,22
85,2015,Franklin Barreto,2B/SS,-,-,30,R,R,19
86,2015,Vince Velasquez,RHP,Kansas City Royals,AAA,34,R,R,23
87,2015,Jeff Hoffman,RHP,Minnesota Twins,MLB,33,R,R,22
88,2015,Orlando Arcia,SS,Cincinnati Reds,AAA,32,R,R,21
89,2015,Eduardo Rodriguez,LHP,Arizona Diamondbacks,MLB,33,L,L,22
90,2015,Stephen Piscotty,OF,Athletics,AAA,35,R,R,24
91,2015,Frankie Montas,RHP,New York Mets,MLB,33,R,R,22
92,2015,Alen Hanson,2B/OF,-,-,33,S,R,22
93,2015,Christian Bethancourt,C,Pittsburgh Pirates,AAA,35,R,R,24
94,2015,Lucas Sims,RHP,Chicago White Sox,AAA,32,R,R,21
95,2015,Grant Holmes,RHP,Atlanta Braves,MLB,30,L,R,19
96,2015,Rafael Devers,3B,San Francisco Giants,MLB,29,L,R,18
97,2015,Chi Chi González,RHP,Miami Marlins,AAA,34,R,R,23
98,2015,Touki Toussaint,RHP,-,-,30,R,R,19
99,2015,Manuel Margot,OF,Detroit Tigers,AAA,32,R,R,21
100,2015,Steven Moya,OF,-,-,35,L,R,24
1,2016,Corey Seager,SS/3B,Texas Rangers,MLB,32,L,R,22
2,2016,Byron Buxton,OF,Minnesota Twins,MLB,32,R,R,22
3,2016,Lucas Giolito,RHP,San Diego Padres,MLB,32,R,R,22
4,2016,Julio Urías,LHP,Los Angeles Dodgers,MLB,30,L,L,20
5,2016,J.P. Crawford,SS,Seattle Mariners,MLB,31,L,R,21
6,2016,Orlando Arcia,SS,Cincinnati Reds,AAA,32,R,R,22
7,2016,Yoán Moncada,2B,Los Angeles Angels,MLB,31,S,R,21
8,2016,Dansby Swanson,SS,Chicago Cubs,MLB,32,R,R,22
9,2016,Joey Gallo,3B/1B,Chicago White Sox,MLB,32,L,R,22
10,2016,Tyler Glasnow,RHP,Los Angeles Dodgers,MLB,33,L,R,23
11,2016,Trea Turner,2B/SS,Philadelphia Phillies,MLB,33,R,R,23
12,2016,Brendan Rodgers,2B/SS,Boston Red Sox,AAA,30,R,R,20
13,2016,Alex Reyes,RHP,Los Angeles Dodgers,MLB,32,R,R,22
14,2016,Blake Snell,LHP,Los Angeles Dodgers,MLB,33,L,L,23
15,2016,Steven Matz,LHP,Tampa Bay Rays,MLB,35,R,L,25
16,2016,Lewis Brinson,OF,-,-,32,R,R,22
17,2016,Rafael Devers,3B,San Francisco Giants,MLB,29,L,R,19
18,2016,Nomar Mazara,OF,-,-,31,L,L,21
19,2016,José Berríos,RHP,Toronto Blue Jays,MLB,32,R,R,22
20,2016,Austin Meadows,OF,Detroit Tigers,MLB,31,L,L,21
21,2016,Sean Newcomb,LHP,Chicago White Sox,MLB,33,L,L,23
22,2016,Alex Bregman,SS/3B,Chicago Cubs,MLB,32,R,R,22
23,2016,Franklin Barreto,2B/SS,-,-,30,R,R,20
24,2016,José De León,RHP,-,-,34,R,R,24
25,2016,Andrew Benintendi,OF,Chicago White Sox,MLB,32,L,L,22
26,2016,Bradley Zimmer,OF,Colorado Rockies,MLB,33,L,R,23
27,2016,Clint Frazier,OF,Chicago White Sox,AAA,32,R,R,22
28,2016,Gleyber Torres,INF,Detroit Tigers,MLB,29,R,R,19
29,2016,Ozzie Albies,2B/SS,Atlanta Braves,MLB,29,S,R,19
30,2016,Jorge Mateo,SS/2B,Tampa Bay Rays,MLB,31,R,R,21
31,2016,Aaron Judge,OF,New York Yankees,MLB,34,R,R,24
32,2016,Brett Phillips,OF,New York Yankees,A,32,L,R,22
33,2016,Jon Gray,RHP,Texas Rangers,MLB,34,R,R,24
34,2016,Jesse Winker,OF,New York Mets,MLB,33,L,L,23
35,2016,Robert Stephenson,RHP,Los Angeles Angels,MLB,33,R,R,23
36,2016,Dillon Tate,RHP,Los Angeles Angels,AAA,32,R,R,22
37,2016,Adalberto Mondesi,SS,Boston Red Sox,MLB,31,S,R,21
38,2016,Carson Fulmer,RHP,Seattle Mariners,AAA,32,R,R,22
39,2016,Anderson Espinoza,RHP,-,-,28,R,R,18
40,2016,AJ Reed,1B,Chicago White Sox,AAA,33,L,L,23
41,2016,Francis Martes,RHP,-,-,30,R,R,20
42,2016,Anthony Alford,OF,-,-,32,R,R,22
43,2016,Brent Honeywell,RHP,San Diego Padres,AAA,31,R,R,21
44,2016,Max Kepler,OF,Arizona Diamondbacks,MLB,33,L,L,23
45,2016,Manuel Margot,OF,Detroit Tigers,AAA,32,R,R,22
46,2016,David Dahl,OF,Philadelphia Phillies,AAA,32,L,R,22
47,2016,Tim Anderson,SS,Los Angeles Angels,MLB,33,R,R,23
48,2016,Ryan McMahon,1B/2B/3B,New York Yankees,MLB,31,L,R,21
49,2016,Josh Bell,1B/OF,Minnesota Twins,MLB,34,S,R,24
50,2016,Willson Contreras,C/OF,Boston Red Sox,MLB,34,R,R,24
51,2016,Dominic Smith,1B,Atlanta Braves,MLB,31,L,L,21
52,2016,Jeff Hoffman,RHP,Minnesota Twins,MLB,33,R,R,23
53,2016,Michael Fulmer,RHP,New York Yankees,MLB,33,R,R,23
54,2016,Jameson Taillon,RHP,Toronto Blue Jays,MLB,34,R,R,24
55,2016,Jake Thompson,RHP,-,-,32,R,R,22
56,2016,Aaron Blair,RHP,-,-,34,R,R,24
57,2016,Jorge López,RHP,-,-,33,R,R,23
58,2016,Javy Guerra,RHP,Chicago White Sox,AAA,31,L,R,21
59,2016,Gary Sánchez,C,Milwaukee Brewers,MLB,33,R,R,23
60,2016,Tyler Jay,LHP,Milwaukee Brewers,AAA,32,L,L,22
61,2016,Josh Hader,LHP,Houston Astros,MLB,32,L,L,22
62,2016,Grant Holmes,RHP,Atlanta Braves,MLB,30,L,R,20
63,2016,Victor Robles,OF,Seattle Mariners,MLB,29,R,R,19
64,2016,Nick Williams,OF,-,-,33,L,L,23
65,2016,Kyle Zimmer,RHP,Cincinnati Reds,AAA,35,R,R,25
66,2016,Cody Reed,LHP,-,-,33,L,L,23
67,2016,Braden Shipley,RHP,Seattle Mariners,AA,34,R,R,24
68,2016,Sean Manaea,LHP,New York Mets,MLB,34,R,L,24
69,2016,Amir Garrett,LHP,-,-,34,R,L,24
70,2016,Mark Appel,RHP,Philadelphia Phillies,AAA,35,R,R,25
71,2016,José Peraza,2B/OF,-,-,32,R,R,22
72,2016,Archie Bradley,RHP,Miami Marlins,AAA,34,R,R,24
73,2016,Luis Ortiz,RHP,New York Mets,AAA,31,R,R,21
74,2016,Kyle Tucker,OF,Los Angeles Dodgers,MLB,29,L,R,19
75,2016,Daz Cameron,OF,Toronto Blue Jays,AAA,29,R,R,19
76,2016,Ian Happ,2B/OF,Chicago Cubs,MLB,32,S,R,22
77,2016,Duane Underwood Jr.,RHP,-,-,32,R,R,22
78,2016,Erick Fedde,RHP,Chicago White Sox,MLB,33,R,R,23
79,2016,Amed Rosario,SS,New York Yankees,MLB,30,R,R,20
80,2016,Jack Flaherty,RHP,Detroit Tigers,MLB,30,R,R,20
81,2016,Willy Adames,SS/2B,San Francisco Giants,MLB,31,R,R,21
82,2016,Christian Arroyo,3B/SS,New York Mets,AAA,31,R,R,21
83,2016,Trent Grisham,OF,New York Yankees,MLB,29,L,L,19
84,2016,Cornelius Randolph,OF,-,-,29,L,R,19
85,2016,Hunter Harvey,RHP,Chicago Cubs,MLB,31,R,R,21
86,2016,Albert Almora Jr.,OF,Arizona Diamondbacks,AAA,32,R,R,22
87,2016,Gavin Cecchini,2B/SS,Los Angeles Angels,AAA,32,R,R,22
88,2016,Billy McKinney,OF,Texas Rangers,AAA,32,L,L,22
89,2016,Kolby Allard,LHP,Philadelphia Phillies,AAA,29,L,L,19
90,2016,Forrest Wall,2B,Chicago Cubs,AAA,30,L,R,20
91,2016,Nick Gordon,SS/2B,Kansas City Royals,AAA,30,L,R,20
92,2016,Hunter Renfroe,OF,Kansas City Royals,MLB,34,R,R,24
93,2016,Bobby Bradley,1B,-,-,30,L,R,20
94,2016,Alex Jackson,C,Minnesota Twins,AAA,30,R,R,20
95,2016,Frankie Montas,RHP,New York Mets,MLB,33,R,R,23
96,2016,Jorge Alfaro,C,Kansas City Royals,AAA,33,R,R,23
97,2016,Jorge Polanco,2B,New York Mets,MLB,33,S,R,23
98,2016,Reese McGuire,C,Chicago White Sox,MLB,31,L,R,21
99,2016,Roman Quinn,OF,Colorado Rockies,AAA,33,S,R,23
100,2016,Matt Olson,1B,Atlanta Braves,MLB,32,L,R,22
1,2017,Andrew Benintendi,OF,Chicago White Sox,MLB,32,L,L,23
2,2017,Yoán Moncada,2B,Los Angeles Angels,MLB,31,S,R,22
3,2017,Gleyber Torres,INF,Detroit Tigers,MLB,29,R,R,20
4,2017,Dansby Swanson,SS,Chicago Cubs,MLB,32,R,R,23
5,2017,Amed Rosario,SS,New York Yankees,MLB,30,R,R,21
6,2017,Alex Reyes,RHP,Los Angeles Dodgers,MLB,32,R,R,23
7,2017,J.P. Crawford,SS,Seattle Mariners,MLB,31,L,R,22
8,2017,Victor Robles,OF,Seattle Mariners,MLB,29,R,R,20
9,2017,Tyler Glasnow,RHP,Los Angeles Dodgers,MLB,33,L,R,24
10,2017,Austin Meadows,OF,Detroit Tigers,MLB,31,L,L,22
11,2017,Ozzie Albies,2B/SS,Atlanta Braves,MLB,29,S,R,20
12,2017,Lucas Giolito,RHP,San Diego Padres,MLB,32,R,R,23
13,2017,Cody Bellinger,1B/OF,New York Yankees,MLB,31,L,L,22
14,2017,Eloy Jiménez,OF,Toronto Blue Jays,AAA,29,R,R,20
15,2017,Brendan Rodgers,2B/SS,Boston Red Sox,AAA,30,R,R,21
16,2017,Michael Kopech,RHP,Los Angeles Dodgers,MLB,30,R,R,21
17,2017,Rafael Devers,3B,San Francisco Giants,MLB,29,L,R,20
18,2017,Lewis Brinson,OF,-,-,32,R,R,23
19,2017,Mickey Moniak,OF,Colorado Rockies,MLB,28,L,R,19
20,2017,Francis Martes,RHP,-,-,30,R,R,21
21,2017,Willy Adames,SS/2B,San Francisco Giants,MLB,31,R,R,22
22,2017,Bradley Zimmer,OF,Colorado Rockies,MLB,33,L,R,24
23,2017,Manuel Margot,OF,Detroit Tigers,AAA,32,R,R,23
24,2017,Clint Frazier,OF,Chicago White Sox,AAA,32,R,R,23
25,2017,Anderson Espinoza,RHP,-,-,28,R,R,19
26,2017,Nick Senzel,3B/2B/OF,Los Angeles Dodgers,AAA,31,R,R,22
27,2017,Josh Bell,1B/OF,Minnesota Twins,MLB,34,S,R,25
28,2017,Ian Happ,2B/OF,Chicago Cubs,MLB,32,S,R,23
29,2017,Kyle Lewis,OF,Arizona Diamondbacks,MLB,31,R,R,22
30,2017,Corey Ray,OF,Milwaukee Brewers,AA,32,L,L,23
31,2017,Brent Honeywell,RHP,San Diego Padres,AAA,31,R,R,22
32,2017,Kevin Maitan,3B/SS/2B,Minnesota Twins,A+,26,R,R,17
33,2017,José De León,RHP,-,-,34,R,R,25
34,2017,Vladimir Guerrero Jr.,3B,Toronto Blue Jays,MLB,27,R,R,18
35,2017,Kyle Tucker,OF,Los Angeles Dodgers,MLB,29,L,R,20
36,2017,Tyler O'Neill,OF,Baltimore Orioles,MLB,31,R,R,22
37,2017,Blake Rutherford,OF,-,-,29,L,R,20
38,2017,Josh Hader,LHP,Houston Astros,MLB,32,L,L,23
39,2017,Carson Kelly,C,Chicago Cubs,MLB,32,R,R,23
40,2017,Francisco Mejía,C/OF,-,-,30,S,R,21
41,2017,Jay Groome,LHP,-,-,28,L,L,19
42,2017,Hunter Renfroe,OF,Kansas City Royals,MLB,34,R,R,25
43,2017,Braxton Garrett,LHP,Chicago Cubs,MLB,29,R,L,20
44,2017,Jeff Hoffman,RHP,Minnesota Twins,MLB,33,R,R,24
45,2017,Aaron Judge,OF,New York Yankees,MLB,34,R,R,25
46,2017,Reynaldo López,RHP,Atlanta Braves,MLB,32,R,R,23
47,2017,Jorge Mateo,SS/2B,Tampa Bay Rays,MLB,31,R,R,22
48,2017,Mitch Keller,RHP,Pittsburgh Pirates,MLB,30,R,R,21
49,2017,Yadier Álvarez,RHP,Los Angeles Dodgers,AAA,30,R,R,21
50,2017,Nick Gordon,SS/2B,Kansas City Royals,AAA,30,L,R,21
51,2017,Riley Pint,RHP,San Diego Padres,AAA,28,R,R,19
52,2017,Franklin Barreto,2B/SS,-,-,30,R,R,21
53,2017,Kolby Allard,LHP,Philadelphia Phillies,AAA,29,L,L,20
54,2017,David Paulino,RHP,Philadelphia Phillies,AAA,32,R,R,23
55,2017,Leody Taveras,OF,Baltimore Orioles,MLB,28,S,R,19
56,2017,Yohander Méndez,LHP,-,-,31,L,L,22
57,2017,Triston McKenzie,RHP,San Diego Padres,AAA,29,R,R,20
58,2017,James Kaprielian,RHP,-,-,32,R,R,23
59,2017,Kevin Newman,2B/SS,Kansas City Royals,AAA,33,R,R,24
60,2017,Erick Fedde,RHP,Chicago White Sox,MLB,33,R,R,24
61,2017,Alex Verdugo,OF,San Diego Padres,ROK,30,L,L,21
62,2017,Luis Ortiz,RHP,New York Mets,AAA,31,R,R,22
63,2017,Dominic Smith,1B,Atlanta Braves,MLB,31,L,L,22
64,2017,Sean Reid-Foley,RHP,-,-,31,R,R,22
65,2017,Isan Díaz,2B,-,-,30,L,R,21
66,2017,Amir Garrett,LHP,-,-,34,R,L,25
67,2017,Jesse Winker,OF,New York Mets,MLB,33,L,L,24
68,2017,Luke Weaver,RHP,Pittsburgh Pirates,MLB,33,R,R,24
69,2017,A.J. Puk,LHP,Arizona Diamondbacks,MLB,31,L,L,22
70,2017,Anthony Alford,OF,-,-,32,R,R,23
71,2017,Carson Fulmer,RHP,Seattle Mariners,AAA,32,R,R,23
72,2017,Jorge Alfaro,C,Kansas City Royals,AAA,33,R,R,24
73,2017,Germán Márquez,RHP,Minnesota Twins,AAA,31,R,R,22
74,2017,Matt Manning,RHP,Philadelphia Phillies,AA,28,R,R,19
75,2017,Jake Bauers,1B/OF,Milwaukee Brewers,MLB,30,L,L,21
76,2017,Albert Almora Jr.,OF,Arizona Diamondbacks,AAA,32,R,R,23
77,2017,Dylan Cease,RHP,Toronto Blue Jays,MLB,30,R,R,21
78,2017,Michael Soroka,RHP,Arizona Diamondbacks,MLB,29,R,R,20
79,2017,Justus Sheffield,LHP,-,-,30,L,L,21
80,2017,Sean Newcomb,LHP,Chicago White Sox,MLB,33,L,L,24
81,2017,Zack Collins,C/1B,-,-,31,L,R,22
82,2017,Willie Calhoun,2B/OF,-,-,31,L,R,22
83,2017,Derek Fisher,OF,Minnesota Twins,AAA,33,L,R,24
84,2017,Forrest Whitley,RHP,Tampa Bay Rays,MLB,29,R,R,20
85,2017,Grant Holmes,RHP,Atlanta Braves,MLB,30,L,R,21
86,2017,Ian Anderson,RHP,Atlanta Braves,AAA,28,R,R,19
87,2017,Robert Stephenson,RHP,Los Angeles Angels,MLB,33,R,R,24
88,2017,Tyler Beede,RHP,Chicago Cubs,AAA,33,R,R,24
89,2017,Christian Arroyo,3B/SS,New York Mets,AAA,31,R,R,22
90,2017,Raimel Tapia,OF,-,-,32,L,L,23
91,2017,Delvin Pérez,SS,-,-,27,R,R,18
92,2017,Stephen Gonsalves,LHP,-,-,32,L,L,23
93,2017,Walker Buehler,RHP,San Diego Padres,MLB,32,R,R,23
94,2017,Richard Urena,SS/2B,-,-,30,S,R,21
95,2017,Jeimer Candelario,3B/1B,Los Angeles Angels,AAA,32,S,R,23
96,2017,Bobby Bradley,1B,-,-,30,L,R,21
97,2017,Cal Quantrill,RHP,Texas Rangers,MLB,31,L,R,22
98,2017,Alex Kirilloff,OF/1B,Minnesota Twins,MLB,28,L,L,19
99,2017,Chance Sisco,C,St. Louis Cardinals,MLB,31,L,R,22
100,2017,Matt Chapman,3B,San Francisco Giants,MLB,33,R,R,24
1,2018,Shohei Ohtani,TWP,Los Angeles Dodgers,MLB,32,L,R,24
2,2018,Ronald Acuña Jr.,OF,Atlanta Braves,MLB,28,R,R,20
3,2018,Vladimir Guerrero Jr.,3B,Toronto Blue Jays,MLB,27,R,R,19
4,2018,Eloy Jiménez,OF,Toronto Blue Jays,AAA,29,R,R,21
5,2018,Gleyber Torres,INF,Detroit Tigers,MLB,29,R,R,21
6,2018,Victor Robles,OF,Seattle Mariners,MLB,29,R,R,21
7,2018,Nick Senzel,3B/2B/OF,Los Angeles Dodgers,AAA,31,R,R,23
8,2018,Fernando Tatis Jr.,SS,San Diego Padres,MLB,27,R,R,19
9,2018,Forrest Whitley,RHP,Tampa Bay Rays,MLB,29,R,R,21
10,2018,Michael Kopech,RHP,Los Angeles Dodgers,MLB,30,R,R,22
11,2018,Francisco Mejía,C/OF,-,-,30,S,R,22
12,2018,Brent Honeywell,RHP,San Diego Padres,AAA,31,R,R,23
13,2018,Walker Buehler,RHP,San Diego Padres,MLB,32,R,R,24
14,2018,Bo Bichette,SS,New York Mets,MLB,28,R,R,20
15,2018,Brendan Rodgers,2B/SS,Boston Red Sox,AAA,30,R,R,22
16,2018,Mitch Keller,RHP,Pittsburgh Pirates,MLB,30,R,R,22
17,2018,Kyle Tucker,OF,Los Angeles Dodgers,MLB,29,L,R,21
18,2018,Alex Reyes,RHP,Los Angeles Dodgers,MLB,32,R,R,24
19,2018,MacKenzie Gore,LHP,Texas Rangers,MLB,27,L,L,19
20,2018,Royce Lewis,SS,Minnesota Twins,MLB,27,R,R,19
21,2018,Hunter Greene,RHP,Cincinnati Reds,MLB,27,R,R,19
22,2018,Willy Adames,SS/2B,San Francisco Giants,MLB,31,R,R,23
23,2018,Austin Hays,OF,San Diego Padres,MLB,31,R,R,23
24,2018,Triston McKenzie,RHP,San Diego Padres,AAA,29,R,R,21
25,2018,Brendan McKay,LHP,Tampa Bay Rays,AAA,30,L,L,22
26,2018,Sixto Sánchez,RHP,Miami Marlins,AAA,28,R,R,20
27,2018,Lewis Brinson,OF,-,-,32,R,R,24
28,2018,Luis Robert Jr.,OF,Baltimore Orioles,MLB,29,R,R,21
29,2018,Juan Soto,OF,New York Mets,MLB,27,L,L,19
30,2018,Kyle Wright,RHP,Chicago Cubs,AAA,30,R,R,22
31,2018,Michael Soroka,RHP,Arizona Diamondbacks,MLB,29,R,R,21
32,2018,A.J. Puk,LHP,Arizona Diamondbacks,MLB,31,L,L,23
33,2018,Alex Verdugo,OF,San Diego Padres,ROK,30,L,L,22
34,2018,Leody Taveras,OF,Baltimore Orioles,MLB,28,S,R,20
35,2018,Scott Kingery,INF/OF,Chicago Cubs,AAA,32,R,R,24
36,2018,Luis Urías,INF,Toronto Blue Jays,MLB,29,R,R,21
37,2018,J.P. Crawford,SS,Seattle Mariners,MLB,31,L,R,23
38,2018,Jack Flaherty,RHP,Detroit Tigers,MLB,30,R,R,22
39,2018,Franklin Pérez,RHP,Detroit Tigers,A,28,R,R,20
40,2018,Cal Quantrill,RHP,Texas Rangers,MLB,31,L,R,23
41,2018,Ryan McMahon,1B/2B/3B,New York Yankees,MLB,31,L,R,23
42,2018,Michel Baez,RHP,-,-,30,R,R,22
43,2018,Taylor Trammell,OF,Houston Astros,MLB,29,L,L,21
44,2018,Estevan Florial,OF,-,-,28,L,R,20
45,2018,Austin Meadows,OF,Detroit Tigers,MLB,31,L,L,23
46,2018,Carson Kelly,C,Chicago Cubs,MLB,32,R,R,24
47,2018,Anthony Alford,OF,-,-,32,R,R,24
48,2018,Justus Sheffield,LHP,-,-,30,L,L,22
49,2018,Luiz Gohara,LHP,Los Angeles Angels,AAA,30,L,L,22
50,2018,Adrian Morejon,LHP,San Diego Padres,MLB,27,L,L,19
51,2018,Ian Anderson,RHP,Atlanta Braves,AAA,28,R,R,20
52,2018,Keibert Ruiz,C,Washington Nationals,MLB,28,S,R,20
53,2018,Willie Calhoun,2B/OF,-,-,31,L,R,23
54,2018,Alec Hansen,RHP,Chicago White Sox,AA,31,R,R,23
55,2018,Matt Manning,RHP,Philadelphia Phillies,AA,28,R,R,20
56,2018,Keston Hiura,1B,Los Angeles Dodgers,AAA,30,R,R,22
57,2018,Jesús Sánchez,OF,Arizona Diamondbacks,AAA,28,L,R,20
58,2018,Kolby Allard,LHP,Philadelphia Phillies,AAA,29,L,L,21
59,2018,Alex Faedo,RHP,Los Angeles Angels,AAA,30,R,R,22
60,2018,Jesús Luzardo,LHP,Philadelphia Phillies,MLB,29,L,L,21
61,2018,Dylan Cease,RHP,Toronto Blue Jays,MLB,30,R,R,22
62,2018,Jo Adell,OF,Cleveland Guardians,MLB,27,R,R,19
63,2018,Heliot Ramos,OF,New York Yankees,MLB,27,R,R,19
64,2018,Jake Bauers,1B/OF,Milwaukee Brewers,MLB,30,L,L,22
65,2018,Miguel Andujar,3B,San Diego Padres,MLB,31,R,R,23
66,2018,Franklin Barreto,2B/SS,-,-,30,R,R,22
67,2018,Shane Baz,RHP,Baltimore Orioles,MLB,27,R,R,19
68,2018,Fernando Romero,RHP,Los Angeles Angels,AAA,31,R,R,23
69,2018,Corbin Burnes,RHP,Arizona Diamondbacks,MLB,31,R,R,23
70,2018,Kyle Lewis,OF,Arizona Diamondbacks,MLB,31,R,R,23
71,2018,Monte Harrison,OF,Milwaukee Brewers,AAA,31,R,R,23
72,2018,Jorge Mateo,SS/2B,Tampa Bay Rays,MLB,31,R,R,23
73,2018,Jon Duplantier,RHP,Milwaukee Brewers,MLB,32,L,R,24
74,2018,Albert Abreu,RHP,-,-,31,R,R,23
75,2018,Chance Adams,RHP,Colorado Rockies,AAA,32,R,R,24
76,2018,J.B. Bukauskas,RHP,Milwaukee Brewers,AAA,29,R,R,21
77,2018,Beau Burrows,RHP,Pittsburgh Pirates,AAA,30,R,R,22
78,2018,Stephen Gonsalves,LHP,-,-,32,L,L,24
79,2018,Michael Chavis,3B/1B,Cincinnati Reds,AAA,31,R,R,23
80,2018,Nick Gordon,SS/2B,Kansas City Royals,AAA,30,L,R,22
81,2018,Christian Arroyo,3B/SS,New York Mets,AAA,31,R,R,23
82,2018,Jesse Winker,OF,New York Mets,MLB,33,L,L,25
83,2018,Max Fried,LHP,New York Yankees,MLB,32,L,L,24
84,2018,Tyler Mahle,RHP,Atlanta Braves,MLB,32,R,R,24
85,2018,Jay Groome,LHP,-,-,28,L,L,20
86,2018,Adonis Medina,RHP,-,-,29,R,R,21
87,2018,Kevin Maitan,3B/SS/2B,Minnesota Twins,A+,26,R,R,18
88,2018,Mickey Moniak,OF,Colorado Rockies,MLB,28,L,R,20
89,2018,Anderson Espinoza,RHP,-,-,28,R,R,20
90,2018,Carter Kieboom,SS/2B,Philadelphia Phillies,AAA,29,R,R,21
91,2018,Pavin Smith,1B/OF,Arizona Diamondbacks,MLB,30,L,L,22
92,2018,Dane Dunning,RHP,Seattle Mariners,AAA,31,R,R,23
93,2018,Jahmai Jones,2B/OF,Boston Red Sox,MLB,29,R,R,21
94,2018,Tyler O'Neill,OF,Baltimore Orioles,MLB,31,R,R,23
95,2018,Adam Haseley,CF,Chicago White Sox,MLB,30,L,L,22
96,2018,Brandon Woodruff,RHP,Milwaukee Brewers,MLB,33,L,R,25
97,2018,Austin Riley,3B,Atlanta Braves,MLB,29,R,R,21
98,2018,Ryan Mountcastle,OF/1B,Baltimore Orioles,MLB,29,R,R,21
99,2018,Blake Rutherford,OF,-,-,29,L,R,21
100,2018,Riley Pint,RHP,San Diego Padres,AAA,28,R,R,20
1,2019,Vladimir Guerrero Jr.,3B,Toronto Blue Jays,MLB,27,R,R,20
2,2019,Fernando Tatis Jr.,SS,San Diego Padres,MLB,27,R,R,20
3,2019,Eloy Jiménez,OF,Toronto Blue Jays,AAA,29,R,R,22
4,2019,Victor Robles,OF,Seattle Mariners,MLB,29,R,R,22
5,2019,Royce Lewis,SS,Minnesota Twins,MLB,27,R,R,20
6,2019,Nick Senzel,3B/2B/OF,Los Angeles Dodgers,AAA,31,R,R,24
7,2019,Forrest Whitley,RHP,Tampa Bay Rays,MLB,29,R,R,22
8,2019,Kyle Tucker,OF,Los Angeles Dodgers,MLB,29,L,R,22
9,2019,Alex Kirilloff,OF/1B,Minnesota Twins,MLB,28,L,L,21
10,2019,Brendan Rodgers,2B/SS,Boston Red Sox,AAA,30,R,R,23
11,2019,Bo Bichette,SS,New York Mets,MLB,28,R,R,21
12,2019,Jesús Luzardo,LHP,Philadelphia Phillies,MLB,29,L,L,22
13,2019,Wander Franco,SS,Tampa Bay Rays,MLB,25,S,R,18
14,2019,Jo Adell,OF,Cleveland Guardians,MLB,27,R,R,20
15,2019,MacKenzie Gore,LHP,Texas Rangers,MLB,27,L,L,20
16,2019,Taylor Trammell,OF,Houston Astros,MLB,29,L,L,22
17,2019,Casey Mize,RHP,San Diego Padres,MLB,29,R,R,22
18,2019,Michael Kopech,RHP,Los Angeles Dodgers,MLB,30,R,R,23
19,2019,Mitch Keller,RHP,Pittsburgh Pirates,MLB,30,R,R,23
20,2019,Keston Hiura,1B,Los Angeles Dodgers,AAA,30,R,R,23
21,2019,Dylan Cease,RHP,Toronto Blue Jays,MLB,30,R,R,23
22,2019,Joey Bart,C,Chicago White Sox,MLB,29,R,R,22
23,2019,Luis Urías,INF,Toronto Blue Jays,MLB,29,R,R,22
24,2019,Michael Soroka,RHP,Arizona Diamondbacks,MLB,29,R,R,22
25,2019,Carter Kieboom,SS/2B,Philadelphia Phillies,AAA,29,R,R,22
26,2019,Francisco Mejía,C/OF,-,-,30,S,R,23
27,2019,Sixto Sánchez,RHP,Miami Marlins,AAA,28,R,R,21
28,2019,Brent Honeywell,RHP,San Diego Padres,AAA,31,R,R,24
29,2019,Brendan McKay,LHP,Tampa Bay Rays,AAA,30,L,L,23
30,2019,Kyle Wright,RHP,Chicago Cubs,AAA,30,R,R,23
31,2019,Hunter Greene,RHP,Cincinnati Reds,MLB,27,R,R,20
32,2019,Ian Anderson,RHP,Atlanta Braves,AAA,28,R,R,21
33,2019,Alex Reyes,RHP,Los Angeles Dodgers,MLB,32,R,R,25
34,2019,Chris Paddack,RHP,Texas Rangers,AAA,30,R,R,23
35,2019,Alex Verdugo,OF,San Diego Padres,ROK,30,L,L,23
36,2019,Keibert Ruiz,C,Washington Nationals,MLB,28,S,R,21
37,2019,Cristian Pache,OF,New York Mets,MLB,27,R,R,20
38,2019,Austin Riley,3B,Atlanta Braves,MLB,29,R,R,22
39,2019,Jesús Sánchez,OF,Arizona Diamondbacks,AAA,28,L,R,21
40,2019,Luis Robert Jr.,OF,Baltimore Orioles,MLB,29,R,R,22
41,2019,Triston McKenzie,RHP,San Diego Padres,AAA,29,R,R,22
42,2019,A.J. Puk,LHP,Arizona Diamondbacks,MLB,31,L,L,24
43,2019,Justus Sheffield,LHP,-,-,30,L,L,23
44,2019,Yordan Alvarez,OF,Houston Astros,MLB,29,L,R,22
45,2019,Sean Murphy,C,Atlanta Braves,MLB,31,R,R,24
46,2019,Ke'Bryan Hayes,3B,Cincinnati Reds,MLB,29,R,R,22
47,2019,Nick Madrigal,2B,Tampa Bay Rays,MLB,29,R,R,22
48,2019,Luis Patiño,RHP,-,-,26,R,R,19
49,2019,Adrian Morejon,LHP,San Diego Padres,MLB,27,L,L,20
50,2019,Touki Toussaint,RHP,-,-,30,R,R,23
51,2019,Pete Alonso,1B,Baltimore Orioles,MLB,31,R,R,24
52,2019,Matt Manning,RHP,Philadelphia Phillies,AA,28,R,R,21
53,2019,Jonathan India,2B/3B,Kansas City Royals,MLB,29,R,R,22
54,2019,Brady Singer,RHP,Cincinnati Reds,MLB,30,R,R,23
55,2019,Matthew Liberatore,LHP,St. Louis Cardinals,MLB,26,L,L,19
56,2019,Jarred Kelenic,OF,New York Yankees,AAA,27,L,L,20
57,2019,Estevan Florial,OF,-,-,28,L,R,21
58,2019,Andrés Giménez,SS,Toronto Blue Jays,MLB,28,L,R,21
59,2019,Alec Bohm,3B/1B,Philadelphia Phillies,MLB,30,R,R,23
60,2019,Jazz Chisholm Jr.,SS/2B,New York Yankees,MLB,28,L,R,21
61,2019,Nolan Gorman,2B/3B,St. Louis Cardinals,MLB,26,L,R,19
62,2019,Josh James,RHP,-,-,33,R,R,26
63,2019,Griffin Canning,RHP,San Diego Padres,MLB,30,R,R,23
64,2019,Yusniel Díaz,OF,-,-,29,R,R,22
65,2019,Danny Jansen,C,Texas Rangers,MLB,31,R,R,24
66,2019,Jonathan Loáisiga,RHP,Arizona Diamondbacks,MLB,31,R,R,24
67,2019,Nolan Jones,OF/3B,Seattle Mariners,AAA,28,L,R,21
68,2019,Brusdar Graterol,RHP,Los Angeles Dodgers,MLB,28,R,R,21
69,2019,Dustin May,RHP,Milwaukee Brewers,MLB,29,R,R,22
70,2019,Gavin Lux,SS/2B,Tampa Bay Rays,MLB,28,L,R,21
71,2019,Ryan Mountcastle,OF/1B,Baltimore Orioles,MLB,29,R,R,22
72,2019,Michel Baez,RHP,-,-,30,R,R,23
73,2019,Jon Duplantier,RHP,Milwaukee Brewers,MLB,32,L,R,25
74,2019,Logan Allen,LHP,Los Angeles Dodgers,AAA,29,R,L,22
75,2019,Luis García Jr.,SS/2B,New York Yankees,MLB,26,L,R,19
76,2019,Nate Pearson,RHP,Kansas City Royals,MLB,30,R,R,23
77,2019,Adonis Medina,RHP,-,-,29,R,R,22
78,2019,Franklin Pérez,RHP,Detroit Tigers,A,28,R,R,21
79,2019,Michael Chavis,3B/1B,Cincinnati Reds,AAA,31,R,R,24
80,2019,Dane Dunning,RHP,Seattle Mariners,AAA,31,R,R,24
81,2019,Corbin Martin,RHP,Chicago Cubs,AAA,30,R,R,23
82,2019,Bryse Wilson,RHP,Milwaukee Brewers,MLB,28,R,R,21
83,2019,Taylor Widener,RHP,Atlanta Braves,AAA,31,L,R,24
84,2019,Ronaldo Hernández,C,-,-,28,R,R,21
85,2019,Hans Crouse,RHP,San Diego Padres,AAA,28,L,R,21
86,2019,Drew Waters,OF,Kansas City Royals,AAA,27,S,R,20
87,2019,Travis Swaggerty,OF,New York Mets,AAA,29,L,L,22
88,2019,J.P. Martínez,OF,-,-,30,L,L,23
89,2019,Cole Winn,RHP,Texas Rangers,MLB,26,R,R,19
90,2019,DL Hall,LHP,Milwaukee Brewers,MLB,28,L,L,21
91,2019,Justin Dunn,RHP,Los Angeles Angels,AAA,31,R,R,24
92,2019,Heliot Ramos,OF,New York Yankees,MLB,27,R,R,20
93,2019,Ryan Weathers,LHP,New York Yankees,MLB,26,R,L,19
94,2019,Miguel Amaya,C,Chicago Cubs,MLB,27,R,R,20
95,2019,Colton Welker,3B/1B,-,-,28,R,R,21
96,2019,Oneil Cruz,SS,Pittsburgh Pirates,MLB,27,L,R,20
97,2019,J.B. Bukauskas,RHP,Milwaukee Brewers,AAA,29,R,R,22
98,2019,Eric Pardinho,RHP,-,-,25,R,R,18
99,2019,Victor Mesa,OF,Miami Marlins,AAA,30,R,R,23
100,2019,Nico Hoerner,SS/2B/OF,Chicago Cubs,MLB,29,R,R,22
1,2020,Wander Franco,SS,Tampa Bay Rays,MLB,25,S,R,19
2,2020,Gavin Lux,SS/2B,Tampa Bay Rays,MLB,28,L,R,22
3,2020,Luis Robert Jr.,OF,Baltimore Orioles,MLB,29,R,R,23
4,2020,Adley Rutschman,C,Boston Red Sox,MLB,28,S,R,22
5,2020,MacKenzie Gore,LHP,Texas Rangers,MLB,27,L,L,21
6,2020,Jo Adell,OF,Cleveland Guardians,MLB,27,R,R,21
7,2020,Casey Mize,RHP,San Diego Padres,MLB,29,R,R,23
8,2020,Nate Pearson,RHP,Kansas City Royals,MLB,30,R,R,24
9,2020,Royce Lewis,SS,Minnesota Twins,MLB,27,R,R,21
10,2020,Bobby Witt Jr.,SS/3B,Kansas City Royals,MLB,26,R,R,20
11,2020,Jarred Kelenic,OF,New York Yankees,AAA,27,L,L,21
12,2020,Jesús Luzardo,LHP,Philadelphia Phillies,MLB,29,L,L,23
13,2020,Cristian Pache,OF,New York Mets,MLB,27,R,R,21
14,2020,Joey Bart,C,Chicago White Sox,MLB,29,R,R,23
15,2020,Brendan McKay,LHP,Tampa Bay Rays,AAA,30,L,L,24
16,2020,Andrew Vaughn,1B/OF,Milwaukee Brewers,MLB,28,R,R,22
17,2020,Dylan Carlson,OF,Philadelphia Phillies,AAA,27,S,L,21
18,2020,Julio Rodríguez,OF,Seattle Mariners,MLB,25,R,R,19
19,2020,Forrest Whitley,RHP,Tampa Bay Rays,MLB,29,R,R,23
20,2020,Michael Kopech,RHP,Los Angeles Dodgers,MLB,30,R,R,24
21,2020,Carter Kieboom,SS/2B,Philadelphia Phillies,AAA,29,R,R,23
22,2020,Sixto Sánchez,RHP,Miami Marlins,AAA,28,R,R,22
23,2020,Dustin May,RHP,Milwaukee Brewers,MLB,29,R,R,23
24,2020,Matt Manning,RHP,Philadelphia Phillies,AA,28,R,R,22
25,2020,CJ Abrams,SS,Washington Nationals,MLB,25,L,R,19
26,2020,Drew Waters,OF,Kansas City Royals,AAA,27,S,R,21
27,2020,Luis Patiño,RHP,-,-,26,R,R,20
28,2020,JJ Bleday,OF,Cincinnati Reds,MLB,28,L,L,22
29,2020,Brendan Rodgers,2B/SS,Boston Red Sox,AAA,30,R,R,24
30,2020,Alec Bohm,3B/1B,Philadelphia Phillies,MLB,30,R,R,24
31,2020,Riley Greene,OF,Detroit Tigers,MLB,26,L,L,20
32,2020,Alex Kirilloff,OF/1B,Minnesota Twins,MLB,28,L,L,22
33,2020,Sean Murphy,C,Atlanta Braves,MLB,31,R,R,25
34,2020,Spencer Howard,RHP,San Francisco Giants,AAA,30,R,R,24
35,2020,Marco Luciano,SS,New York Yankees,AAA,25,R,R,19
36,2020,Grayson Rodriguez,RHP,Los Angeles Angels,MLB,26,L,R,20
37,2020,Ian Anderson,RHP,Atlanta Braves,AAA,28,R,R,22
38,2020,Logan Gilbert,RHP,Seattle Mariners,MLB,29,R,R,23
39,2020,Mitch Keller,RHP,Pittsburgh Pirates,MLB,30,R,R,24
40,2020,Nick Madrigal,2B,Tampa Bay Rays,MLB,29,R,R,23
41,2020,Ke'Bryan Hayes,3B,Cincinnati Reds,MLB,29,R,R,23
42,2020,Nolan Jones,OF/3B,Seattle Mariners,AAA,28,L,R,22
43,2020,Kristian Robinson,OF,Arizona Diamondbacks,AAA,25,R,R,19
44,2020,Jeter Downs,SS,New York Yankees,AAA,28,R,R,22
45,2020,Vidal Bruján,OF/2B/SS,New York Mets,AAA,28,S,R,22
46,2020,Tarik Skubal,LHP,Los Angeles Dodgers,MLB,29,R,L,23
47,2020,Nolan Gorman,2B/3B,St. Louis Cardinals,MLB,26,L,R,20
48,2020,Nick Lodolo,LHP,Cincinnati Reds,MLB,28,L,L,22
49,2020,Alek Thomas,OF,Los Angeles Dodgers,AAA,26,L,L,20
50,2020,Luis Campusano,C,San Diego Padres,MLB,28,R,R,22
51,2020,Nico Hoerner,SS/2B/OF,Chicago Cubs,MLB,29,R,R,23
52,2020,Kyle Wright,RHP,Chicago Cubs,AAA,30,R,R,24
53,2020,Hunter Greene,RHP,Cincinnati Reds,MLB,27,R,R,21
54,2020,Jasson Domínguez,OF,New York Yankees,MLB,23,S,R,17
55,2020,Josh Jung,3B,Texas Rangers,MLB,28,R,R,22
56,2020,Evan White,1B,Los Angeles Angels,AA,30,R,L,24
57,2020,Taylor Trammell,OF,Houston Astros,MLB,29,L,L,23
58,2020,Matthew Liberatore,LHP,St. Louis Cardinals,MLB,26,L,L,20
59,2020,Brady Singer,RHP,Cincinnati Reds,MLB,30,R,R,24
60,2020,A.J. Puk,LHP,Arizona Diamondbacks,MLB,31,L,L,25
61,2020,Daniel Lynch IV,LHP,Kansas City Royals,MLB,29,L,L,23
62,2020,Ronny Mauricio,2B/SS/OF,New York Mets,MLB,25,S,R,19
63,2020,Francisco Alvarez,C,New York Mets,MLB,24,R,R,18
64,2020,Oneil Cruz,SS,Pittsburgh Pirates,MLB,27,L,R,21
65,2020,Heliot Ramos,OF,New York Yankees,MLB,27,R,R,21
66,2020,Jazz Chisholm Jr.,SS/2B,New York Yankees,MLB,28,L,R,22
67,2020,Josiah Gray,RHP,Washington Nationals,MLB,28,R,R,22
68,2020,Brailyn Marquez,LHP,Houston Astros,AAA,27,L,L,21
69,2020,DL Hall,LHP,Milwaukee Brewers,MLB,28,L,L,22
70,2020,Shea Langeliers,C,Athletics,MLB,28,R,R,22
71,2020,Hunter Bishop,OF,San Francisco Giants,AAA,28,L,R,22
72,2020,Xavier Edwards,2B/OF,Miami Marlins,MLB,27,S,R,21
73,2020,Keibert Ruiz,C,Washington Nationals,MLB,28,S,R,22
74,2020,Sam Huff,C/1B,Baltimore Orioles,AAA,28,R,R,22
75,2020,Jordan Groshans,3B/SS,Atlanta Braves,AAA,26,R,R,20
76,2020,Daulton Varsho,C,Houston Astros,MLB,30,L,R,24
77,2020,Triston Casas,1B,Boston Red Sox,MLB,26,L,R,20
78,2020,Brennen Davis,OF,Seattle Mariners,MLB,26,R,R,20
79,2020,Brandon Marsh,OF,Philadelphia Phillies,MLB,28,L,R,22
80,2020,Jesús Sánchez,OF,Arizona Diamondbacks,AAA,28,L,R,22
81,2020,Trevor Larnach,OF,Minnesota Twins,MLB,29,L,R,23
82,2020,Geraldo Perdomo,SS,Arizona Diamondbacks,MLB,26,S,R,20
83,2020,Brusdar Graterol,RHP,Los Angeles Dodgers,MLB,28,R,R,22
84,2020,Edward Cabrera,RHP,Chicago Cubs,MLB,28,R,R,22
85,2020,Jordan Balazovic,RHP,Detroit Tigers,AAA,28,R,R,22
86,2020,Bryson Stott,SS,Philadelphia Phillies,MLB,28,L,R,22
87,2020,Clarke Schmidt,RHP,New York Yankees,MLB,30,R,R,24
88,2020,Corbin Carroll,OF,Arizona Diamondbacks,MLB,26,L,L,20
89,2020,Shane Baz,RHP,Baltimore Orioles,MLB,27,R,R,21
90,2020,Brent Honeywell,RHP,San Diego Padres,AAA,31,R,R,25
91,2020,Deivi García,RHP,Milwaukee Brewers,AAA,27,R,R,21
92,2020,Brett Baty,3B/OF,New York Mets,MLB,26,L,R,20
93,2020,Ryan Mountcastle,OF/1B,Baltimore Orioles,MLB,29,R,R,23
94,2020,Miguel Amaya,C,Chicago Cubs,MLB,27,R,R,21
95,2020,Tyler Freeman,SS/2B,Colorado Rockies,AAA,27,R,R,21
96,2020,Luis Garcia,SS,-,-,25,S,R,19
97,2020,Simeon Woods Richardson,RHP,Seattle Mariners,AAA,26,R,R,20
98,2020,Seth Corry,LHP,San Francisco Giants,AA,27,L,L,21
99,2020,George Kirby,RHP,Seattle Mariners,MLB,28,R,R,22
1,2021,Wander Franco,SS,Tampa Bay Rays,MLB,25,S,R,20
2,2021,Adley Rutschman,C,Boston Red Sox,MLB,28,S,R,23
3,2021,Spencer Torkelson,1B/3B,Detroit Tigers,MLB,27,R,R,22
4,2021,Jarred Kelenic,OF,New York Yankees,AAA,27,L,L,22
5,2021,Julio Rodríguez,OF,Seattle Mariners,MLB,25,R,R,20
6,2021,MacKenzie Gore,LHP,Texas Rangers,MLB,27,L,L,22
7,2021,Bobby Witt Jr.,SS/3B,Kansas City Royals,MLB,26,R,R,21
8,2021,CJ Abrams,SS,Washington Nationals,MLB,25,L,R,20
9,2021,Ke'Bryan Hayes,3B,Cincinnati Reds,MLB,29,R,R,24
10,2021,Nate Pearson,RHP,Kansas City Royals,MLB,30,R,R,25
11,2021,Casey Mize,RHP,San Diego Padres,MLB,29,R,R,24
12,2021,Cristian Pache,OF,New York Mets,MLB,27,R,R,22
13,2021,Dylan Carlson,OF,Philadelphia Phillies,AAA,27,S,L,22
14,2021,Andrew Vaughn,1B/OF,Milwaukee Brewers,MLB,28,R,R,23
15,2021,Sixto Sánchez,RHP,Miami Marlins,AAA,28,R,R,23
16,2021,Marco Luciano,SS,New York Yankees,AAA,25,R,R,20
17,2021,Royce Lewis,SS,Minnesota Twins,MLB,27,R,R,22
18,2021,Ian Anderson,RHP,Atlanta Braves,AAA,28,R,R,23
19,2021,Luis Patiño,RHP,-,-,26,R,R,21
20,2021,JJ Bleday,OF,Cincinnati Reds,MLB,28,L,L,23
21,2021,Riley Greene,OF,Detroit Tigers,MLB,26,L,L,21
22,2021,Austin Martin,SS/OF/2B,Minnesota Twins,MLB,27,R,R,22
23,2021,Joey Bart,C,Chicago White Sox,MLB,29,R,R,24
24,2021,Tarik Skubal,LHP,Los Angeles Dodgers,MLB,29,R,L,24
25,2021,Matt Manning,RHP,Philadelphia Phillies,AA,28,R,R,23
26,2021,Alex Kirilloff,OF/1B,Minnesota Twins,MLB,28,L,L,23
27,2021,Grayson Rodriguez,RHP,Los Angeles Angels,MLB,26,L,R,21
28,2021,Max Meyer,RHP,Miami Marlins,MLB,27,L,R,22
29,2021,Daniel Lynch IV,LHP,Kansas City Royals,MLB,29,L,L,24
30,2021,Asa Lacy,LHP,Kansas City Royals,AA,27,L,L,22
31,2021,Emerson Hancock,RHP,Seattle Mariners,MLB,27,R,R,22
32,2021,Jasson Domínguez,OF,New York Yankees,MLB,23,S,R,18
33,2021,Logan Gilbert,RHP,Seattle Mariners,MLB,29,R,R,24
34,2021,Randy Arozarena,OF,Seattle Mariners,MLB,31,R,R,26
35,2021,Drew Waters,OF,Kansas City Royals,AAA,27,S,R,22
36,2021,Nolan Jones,OF/3B,Seattle Mariners,AAA,28,L,R,23
37,2021,Matthew Liberatore,LHP,St. Louis Cardinals,MLB,26,L,L,21
38,2021,Nolan Gorman,2B/3B,St. Louis Cardinals,MLB,26,L,R,21
39,2021,Michael Kopech,RHP,Los Angeles Dodgers,MLB,30,R,R,25
40,2021,Nick Madrigal,2B,Tampa Bay Rays,MLB,29,R,R,24
41,2021,Forrest Whitley,RHP,Tampa Bay Rays,MLB,29,R,R,24
42,2021,Spencer Howard,RHP,San Francisco Giants,AAA,30,R,R,25
43,2021,Nick Gonzales,2B/SS,Pittsburgh Pirates,MLB,27,R,R,22
44,2021,Triston Casas,1B,Boston Red Sox,MLB,26,L,R,21
45,2021,Luis Campusano,C,San Diego Padres,MLB,28,R,R,23
46,2021,Jordan Groshans,3B/SS,Atlanta Braves,AAA,26,R,R,21
47,2021,Corbin Carroll,OF,Arizona Diamondbacks,MLB,26,L,L,21
48,2021,Francisco Alvarez,C,New York Mets,MLB,24,R,R,19
49,2021,Jeter Downs,SS,New York Yankees,AAA,28,R,R,23
50,2021,Vidal Bruján,OF/2B/SS,New York Mets,AAA,28,S,R,23
51,2021,Quinn Priester,RHP,Milwaukee Brewers,MLB,26,R,R,21
52,2021,Brandon Marsh,OF,Philadelphia Phillies,MLB,28,L,R,23
53,2021,Zac Veen,OF,Colorado Rockies,MLB,24,L,R,19
54,2021,Kristian Robinson,OF,Arizona Diamondbacks,AAA,25,R,R,20
55,2021,Garrett Crochet,LHP,Boston Red Sox,MLB,27,L,L,22
56,2021,Keibert Ruiz,C,Washington Nationals,MLB,28,S,R,23
57,2021,Josiah Gray,RHP,Washington Nationals,MLB,28,R,R,23
58,2021,Nick Lodolo,LHP,Cincinnati Reds,MLB,28,L,L,23
59,2021,Brailyn Marquez,LHP,Houston Astros,AAA,27,L,L,22
60,2021,Brennen Davis,OF,Seattle Mariners,MLB,26,R,R,21
61,2021,Robert Hassell III,OF,Pittsburgh Pirates,AAA,25,L,L,20
62,2021,Josh Jung,3B,Texas Rangers,MLB,28,R,R,23
63,2021,Oneil Cruz,SS,Pittsburgh Pirates,MLB,27,L,R,22
64,2021,Garrett Mitchell,OF,Milwaukee Brewers,MLB,28,L,R,23
65,2021,Jazz Chisholm Jr.,SS/2B,New York Yankees,MLB,28,L,R,23
66,2021,Ronny Mauricio,2B/SS/OF,New York Mets,MLB,25,S,R,20
67,2021,Edward Cabrera,RHP,Chicago Cubs,MLB,28,R,R,23
68,2021,Heston Kjerstad,OF,Baltimore Orioles,MLB,27,L,R,22
69,2021,DL Hall,LHP,Milwaukee Brewers,MLB,28,L,L,23
70,2021,Hunter Greene,RHP,Cincinnati Reds,MLB,27,R,R,22
71,2021,Brendan McKay,LHP,Tampa Bay Rays,AAA,30,L,L,25
72,2021,Shea Langeliers,C,Athletics,MLB,28,R,R,23
73,2021,Reid Detmers,LHP,Los Angeles Angels,MLB,27,L,L,22
74,2021,Matt Allan,RHP,New York Mets,A+,25,R,R,20
75,2021,Mick Abel,RHP,Minnesota Twins,MLB,25,R,R,20
76,2021,Ryan Mountcastle,OF/1B,Baltimore Orioles,MLB,29,R,R,24
77,2021,Sam Huff,C/1B,Baltimore Orioles,AAA,28,R,R,23
78,2021,Geraldo Perdomo,SS,Arizona Diamondbacks,MLB,26,S,R,21
79,2021,Trevor Larnach,OF,Minnesota Twins,MLB,29,L,R,24
80,2021,Alek Thomas,OF,Los Angeles Dodgers,AAA,26,L,L,21
81,2021,Heliot Ramos,OF,New York Yankees,MLB,27,R,R,22
82,2021,Hunter Bishop,OF,San Francisco Giants,AAA,28,L,R,23
83,2021,Shane McClanahan,LHP,Tampa Bay Rays,MLB,29,L,L,24
84,2021,Xavier Edwards,2B/OF,Miami Marlins,MLB,27,S,R,22
85,2021,Austin Hendrick,OF,Cincinnati Reds,AA,25,L,L,20
86,2021,Simeon Woods Richardson,RHP,Seattle Mariners,AAA,26,R,R,21
87,2021,Clarke Schmidt,RHP,New York Yankees,MLB,30,R,R,25
88,2021,Miguel Amaya,C,Chicago Cubs,MLB,27,R,R,22
89,2021,Shane Baz,RHP,Baltimore Orioles,MLB,27,R,R,22
90,2021,Dane Dunning,RHP,Seattle Mariners,AAA,31,R,R,26
91,2021,George Kirby,RHP,Seattle Mariners,MLB,28,R,R,23
92,2021,Bobby Dalbec,3B/1B,Kansas City Royals,AAA,31,R,R,26
93,2021,Brett Baty,3B/OF,New York Mets,MLB,26,L,R,21
94,2021,Tyler Stephenson,C,Cincinnati Reds,MLB,30,R,R,25
95,2021,Brice Turang,SS/2B/OF,Milwaukee Brewers,MLB,26,L,R,21
96,2021,Jordan Balazovic,RHP,Detroit Tigers,AAA,28,R,R,23
97,2021,Tyler Freeman,SS/2B,Colorado Rockies,AAA,27,R,R,22
98,2021,Cade Cavalli,RHP,Washington Nationals,MLB,28,R,R,23
99,2021,Taylor Trammell,OF,Houston Astros,MLB,29,L,L,24
1,2022,Bobby Witt Jr.,SS/3B,Kansas City Royals,MLB,26,R,R,22
2,2022,Adley Rutschman,C,Boston Red Sox,MLB,28,S,R,24
3,2022,Julio Rodríguez,OF,Seattle Mariners,MLB,25,R,R,21
4,2022,Spencer Torkelson,1B/3B,Detroit Tigers,MLB,27,R,R,23
5,2022,Riley Greene,OF,Detroit Tigers,MLB,26,L,L,22
6,2022,Grayson Rodriguez,RHP,Los Angeles Angels,MLB,26,L,R,22
7,2022,Gabriel Moreno,C,Arizona Diamondbacks,MLB,26,R,R,22
8,2022,Anthony Volpe,SS,New York Yankees,MLB,25,R,R,21
9,2022,CJ Abrams,SS,Washington Nationals,MLB,25,L,R,21
10,2022,Francisco Alvarez,C,New York Mets,MLB,24,R,R,20
11,2022,Noelvi Marte,3B/SS,Cincinnati Reds,MLB,24,R,R,20
12,2022,Shane Baz,RHP,Baltimore Orioles,MLB,27,R,R,23
13,2022,Marco Luciano,SS,New York Yankees,AAA,25,R,R,21
14,2022,Marcelo Mayer,INF,San Francisco Giants,MLB,23,L,R,19
15,2022,Brennen Davis,OF,Seattle Mariners,MLB,26,R,R,22
16,2022,Triston Casas,1B,Boston Red Sox,MLB,26,L,R,22
17,2022,Jack Leiter,RHP,Texas Rangers,MLB,26,R,R,22
18,2022,Alek Thomas,OF,Los Angeles Dodgers,AAA,26,L,L,22
19,2022,Corbin Carroll,OF,Arizona Diamondbacks,MLB,26,L,L,22
20,2022,Nick Gonzales,2B/SS,Pittsburgh Pirates,MLB,27,R,R,23
21,2022,Reid Detmers,LHP,Los Angeles Angels,MLB,27,L,L,23
22,2022,Hunter Greene,RHP,Cincinnati Reds,MLB,27,R,R,23
23,2022,Jordan Lawlar,INF,Arizona Diamondbacks,MLB,24,R,R,20
24,2022,Henry Davis,C,Pittsburgh Pirates,MLB,27,R,R,23
25,2022,Kahlil Watson,OF,Cleveland Guardians,MLB,23,L,R,19
26,2022,Oneil Cruz,SS,Pittsburgh Pirates,MLB,27,L,R,23
27,2022,Brett Baty,3B/OF,New York Mets,MLB,26,L,R,22
28,2022,Diego Cartaya,C,San Francisco Giants,A+,25,R,R,21
29,2022,Josh Jung,3B,Texas Rangers,MLB,28,R,R,24
30,2022,Jordan Walker,OF/3B,St. Louis Cardinals,MLB,24,R,R,20
31,2022,Joey Bart,C,Chicago White Sox,MLB,29,R,R,25
32,2022,George Kirby,RHP,Seattle Mariners,MLB,28,R,R,24
33,2022,Nolan Gorman,2B/3B,St. Louis Cardinals,MLB,26,L,R,22
34,2022,Edward Cabrera,RHP,Chicago Cubs,MLB,28,R,R,24
35,2022,Max Meyer,RHP,Miami Marlins,MLB,27,L,R,23
36,2022,Zac Veen,OF,Colorado Rockies,MLB,24,L,R,20
37,2022,Robert Hassell III,OF,Pittsburgh Pirates,AAA,25,L,L,21
38,2022,Orelvis Martinez,2B/3B,Washington Nationals,AAA,24,R,R,20
39,2022,Cade Cavalli,RHP,Washington Nationals,MLB,28,R,R,24
40,2022,Jackson Jobe,RHP,Detroit Tigers,MLB,24,R,R,20
41,2022,Eury Pérez,RHP,Miami Marlins,MLB,23,R,R,19
42,2022,Nick Lodolo,LHP,Cincinnati Reds,MLB,28,L,L,24
43,2022,Matthew Liberatore,LHP,St. Louis Cardinals,MLB,26,L,L,22
44,2022,Luis Campusano,C,San Diego Padres,MLB,28,R,R,24
45,2022,Bryson Stott,SS,Philadelphia Phillies,MLB,28,L,R,24
46,2022,Royce Lewis,SS,Minnesota Twins,MLB,27,R,R,23
47,2022,George Valera,OF,Cleveland Guardians,AAA,25,L,L,21
48,2022,Cole Winn,RHP,Texas Rangers,MLB,26,R,R,22
49,2022,Brady House,3B,Washington Nationals,MLB,23,R,R,19
50,2022,Josh Lowe,OF,Los Angeles Angels,MLB,28,L,R,24
51,2022,MJ Melendez,C,New York Mets,AAA,27,L,R,23
52,2022,Austin Martin,SS/OF/2B,Minnesota Twins,MLB,27,R,R,23
53,2022,Daniel Espino,RHP,Cleveland Guardians,MLB,25,R,R,21
54,2022,Quinn Priester,RHP,Milwaukee Brewers,MLB,26,R,R,22
55,2022,Nick Yorke,2B/OF,Pittsburgh Pirates,MLB,24,R,R,20
56,2022,Tyler Soderstrom,C/1B,Athletics,MLB,24,L,R,20
57,2022,Bobby Miller,RHP,Los Angeles Dodgers,MLB,27,L,R,23
58,2022,Sixto Sánchez,RHP,Miami Marlins,AAA,28,R,R,24
59,2022,Shea Langeliers,C,Athletics,MLB,28,R,R,24
60,2022,Oswald Peraza,SS/2B,Los Angeles Angels,MLB,26,R,R,22
61,2022,Jasson Domínguez,OF,New York Yankees,MLB,23,S,R,19
62,2022,Nick Pratto,1B,San Diego Padres,AAA,27,L,L,23
63,2022,Luis Matos,OF,Milwaukee Brewers,AAA,24,R,R,20
64,2022,Gunnar Henderson,3B/SS,Baltimore Orioles,MLB,25,L,R,21
65,2022,Michael Harris II,OF,Atlanta Braves,MLB,25,L,L,21
66,2022,Colton Cowser,OF,Baltimore Orioles,MLB,26,L,R,22
67,2022,Michael Busch,INF,Chicago Cubs,MLB,28,L,R,24
68,2022,Andy Pages,OF,Los Angeles Dodgers,MLB,25,R,R,21
69,2022,JJ Bleday,OF,Cincinnati Reds,MLB,28,L,L,24
70,2022,Sal Frelick,OF,Milwaukee Brewers,MLB,26,L,R,22
71,2022,Roansy Contreras,RHP,Colorado Rockies,MLB,26,R,R,22
72,2022,Asa Lacy,LHP,Kansas City Royals,AA,27,L,L,23
73,2022,Gabriel Arias,INF,Chicago Cubs,MLB,26,R,R,22
74,2022,Taj Bradley,RHP,Minnesota Twins,MLB,25,R,R,21
75,2022,Kyle Harrison,LHP,Milwaukee Brewers,MLB,25,R,L,21
76,2022,Elly De La Cruz,SS/3B,Cincinnati Reds,MLB,24,S,R,20
77,2022,Vidal Bruján,OF/2B/SS,New York Mets,AAA,28,S,R,24
78,2022,Ronny Mauricio,2B/SS/OF,New York Mets,MLB,25,S,R,21
79,2022,Liover Peguero,SS,Washington Nationals,AAA,25,R,R,21
80,2022,Jordan Groshans,3B/SS,Atlanta Braves,AAA,26,R,R,22
81,2022,Mick Abel,RHP,Minnesota Twins,MLB,25,R,R,21
82,2022,Emerson Hancock,RHP,Seattle Mariners,MLB,27,R,R,23
83,2022,Ezequiel Duran,INF,Texas Rangers,MLB,27,R,R,23
84,2022,Brayan Rocchio,SS/2B,Cleveland Guardians,MLB,25,S,R,21
85,2022,Jarren Duran,OF,Boston Red Sox,MLB,30,L,R,26
86,2022,MacKenzie Gore,LHP,Texas Rangers,MLB,27,L,L,23
87,2022,Matt McLain,SS/2B,Cincinnati Reds,MLB,27,R,R,23
88,2022,Tyler Freeman,SS/2B,Colorado Rockies,AAA,27,R,R,23
89,2022,Justin Foscue,2B/1B,Texas Rangers,MLB,27,R,R,23
90,2022,DL Hall,LHP,Milwaukee Brewers,MLB,28,L,L,24
91,2022,Greg Jones,OF/SS,Chicago Cubs,AAA,28,S,R,24
92,2022,Cristian Hernández,SS/2B,Miami Marlins,AA,22,R,R,18
93,2022,Harry Ford,C,Washington Nationals,MLB,23,R,R,19
94,2022,Miguel Vargas,3B/OF/1B,Chicago White Sox,MLB,26,R,R,22
95,2022,Jose F Miranda,3B/2B/1B,-,-,28,R,R,24
96,2022,Austin Wells,C,New York Yankees,MLB,27,L,R,23
97,2022,Joe Ryan,RHP,Minnesota Twins,MLB,30,R,R,26
98,2022,Matt Brash,RHP,Seattle Mariners,MLB,28,R,R,24
99,2022,Blake Walston,LHP,Arizona Diamondbacks,MLB,25,L,L,21
100,2022,Joey Wiemer,OF,Chicago White Sox,AAA,27,R,R,23
1,2023,Gunnar Henderson,3B/SS,Baltimore Orioles,MLB,25,L,R,22
2,2023,Corbin Carroll,OF,Arizona Diamondbacks,MLB,26,L,L,23
3,2023,Francisco Alvarez,C,New York Mets,MLB,24,R,R,21
4,2023,Jordan Walker,OF/3B,St. Louis Cardinals,MLB,24,R,R,21
5,2023,Anthony Volpe,SS,New York Yankees,MLB,25,R,R,22
6,2023,Andrew Painter,RHP,Philadelphia Phillies,MLB,23,R,R,20
7,2023,Grayson Rodriguez,RHP,Los Angeles Angels,MLB,26,L,R,23
8,2023,Jackson Chourio,OF,Milwaukee Brewers,MLB,22,R,R,19
9,2023,Marcelo Mayer,INF,San Francisco Giants,MLB,23,L,R,20
10,2023,Elly De La Cruz,SS/3B,Cincinnati Reds,MLB,24,S,R,21
11,2023,Jordan Lawlar,INF,Arizona Diamondbacks,MLB,24,R,R,21
12,2023,Jackson Holliday,2B/SS,Baltimore Orioles,MLB,22,L,R,19
13,2023,Eury Pérez,RHP,Miami Marlins,MLB,23,R,R,20
14,2023,Diego Cartaya,C,San Francisco Giants,A+,25,R,R,22
15,2023,Druw Jones,OF,Arizona Diamondbacks,AA,22,R,R,19
16,2023,Daniel Espino,RHP,Cleveland Guardians,MLB,25,R,R,22
17,2023,James Wood,OF,Washington Nationals,MLB,24,L,R,21
18,2023,Kyle Harrison,LHP,Milwaukee Brewers,MLB,25,R,L,22
19,2023,Jackson Merrill,SS/OF,San Diego Padres,MLB,23,L,R,20
20,2023,Taj Bradley,RHP,Minnesota Twins,MLB,25,R,R,22
21,2023,Brett Baty,3B/OF,New York Mets,MLB,26,L,R,23
22,2023,Marco Luciano,SS,New York Yankees,AAA,25,R,R,22
23,2023,Triston Casas,1B,Boston Red Sox,MLB,26,L,R,23
24,2023,Bobby Miller,RHP,Los Angeles Dodgers,MLB,27,L,R,24
25,2023,Ezequiel Tovar,SS,Colorado Rockies,MLB,25,R,R,22
26,2023,Termarr Johnson,2B,Pittsburgh Pirates,AAA,22,L,R,19
27,2023,Zac Veen,OF,Colorado Rockies,MLB,24,L,R,21
28,2023,Pete Crow-Armstrong,OF,Chicago Cubs,MLB,24,L,L,21
29,2023,Noelvi Marte,3B/SS,Cincinnati Reds,MLB,24,R,R,21
30,2023,Sal Frelick,OF,Milwaukee Brewers,MLB,26,L,R,23
31,2023,Brooks Lee,INF,Minnesota Twins,MLB,25,S,R,22
32,2023,Ricky Tiedemann,LHP,Toronto Blue Jays,MLB,24,L,L,21
33,2023,Curtis Mead,3B/2B,Boston Red Sox,MLB,25,R,R,22
34,2023,Josh Jung,3B,Texas Rangers,MLB,28,R,R,25
35,2023,Robert Hassell III,OF,Pittsburgh Pirates,AAA,25,L,L,22
36,2023,Kevin Parada,C,New York Mets,AAA,25,R,R,22
37,2023,Miguel Vargas,3B/OF/1B,Chicago White Sox,MLB,26,R,R,23
38,2023,Colson Montgomery,SS/3B,Chicago White Sox,MLB,24,L,R,21
39,2023,Tyler Soderstrom,C/1B,Athletics,MLB,24,L,R,21
40,2023,Colton Cowser,OF,Baltimore Orioles,MLB,26,L,R,23
41,2023,Evan Carter,OF,Texas Rangers,MLB,24,L,R,21
42,2023,Gavin Williams,RHP,Cleveland Guardians,MLB,27,L,R,24
43,2023,Hunter Brown,RHP,Houston Astros,MLB,28,R,R,25
44,2023,Edwin Arroyo,SS/2B,Cincinnati Reds,MLB,23,S,R,20
45,2023,Royce Lewis,SS,Minnesota Twins,MLB,27,R,R,24
46,2023,Elijah Green,OF,Washington Nationals,AA,22,R,R,19
47,2023,Jasson Domínguez,OF,New York Yankees,MLB,23,S,R,20
48,2023,Mick Abel,RHP,Minnesota Twins,MLB,25,R,R,22
49,2023,Harry Ford,C,Washington Nationals,MLB,23,R,R,20
50,2023,Masyn Winn,SS,St. Louis Cardinals,MLB,24,R,R,21
51,2023,George Valera,OF,Cleveland Guardians,AAA,25,L,L,22
52,2023,Oswald Peraza,SS/2B,Los Angeles Angels,MLB,26,R,R,23
53,2023,Logan O'Hoppe,C,Texas Rangers,MLB,26,R,R,23
54,2023,Michael Busch,INF,Chicago Cubs,MLB,28,L,R,25
55,2023,Endy Rodríguez,C/1B,Pittsburgh Pirates,MLB,26,S,R,23
56,2023,Gavin Stone,RHP,Los Angeles Dodgers,MLB,27,R,R,24
57,2023,Henry Davis,C,Pittsburgh Pirates,MLB,27,R,R,24
58,2023,Cade Cavalli,RHP,Washington Nationals,MLB,28,R,R,25
59,2023,Brandon Pfaadt,RHP,Arizona Diamondbacks,MLB,27,R,R,24
60,2023,Quinn Priester,RHP,Milwaukee Brewers,MLB,26,R,R,23
61,2023,Jacob Berry,OF/3B,Kansas City Royals,AAA,25,S,R,22
62,2023,Gavin Cross,OF,Kansas City Royals,AAA,25,L,L,22
63,2023,Jackson Jobe,RHP,Detroit Tigers,MLB,24,R,R,21
64,2023,Bo Naylor,C,Milwaukee Brewers,MLB,26,L,R,23
65,2023,Tanner Bibee,RHP,Cleveland Guardians,MLB,27,R,R,24
66,2023,Owen White,RHP,Chicago White Sox,AAA,27,R,R,24
67,2023,Max Meyer,RHP,Miami Marlins,MLB,27,L,R,24
68,2023,Adael Amador,2B,Colorado Rockies,MLB,23,S,R,20
69,2023,Cam Collier,3B/1B,Cincinnati Reds,AA,21,L,R,18
70,2023,Ryan Pepiot,RHP,Tampa Bay Rays,MLB,29,R,R,26
71,2023,Luisangel Acuña,SS/OF/2B,Chicago White Sox,MLB,24,R,R,21
72,2023,Carson Williams,SS,Tampa Bay Rays,MLB,23,R,R,20
73,2023,Kyle Manzardo,1B,Cleveland Guardians,MLB,26,L,R,23
74,2023,Jordan Westburg,INF,Baltimore Orioles,MLB,27,R,R,24
75,2023,Brayan Rocchio,SS/2B,Cleveland Guardians,MLB,25,S,R,22
76,2023,Ken Waldichuk,LHP,Washington Nationals,MLB,28,L,L,25
77,2023,Tink Hence,RHP,St. Louis Cardinals,ROK,24,R,R,21
78,2023,Jack Leiter,RHP,Texas Rangers,MLB,26,R,R,23
79,2023,Gordon Graceffo,RHP,St. Louis Cardinals,MLB,26,R,R,23
80,2023,Heston Kjerstad,OF,Baltimore Orioles,MLB,27,L,R,24
81,2023,Andy Pages,OF,Los Angeles Dodgers,MLB,25,R,R,22
82,2023,Chase DeLauter,OF,Cleveland Guardians,MLB,24,L,L,21
83,2023,Jace Jung,3B/2B,Detroit Tigers,MLB,25,L,R,22
84,2023,Drew Romo,C,Chicago White Sox,MLB,25,S,R,22
85,2023,Oscar Colás,OF,-,-,28,L,L,25
86,2023,Ceddanne Rafaela,OF/SS,Boston Red Sox,MLB,26,R,R,23
87,2023,Kevin Alcántara,OF,Chicago Cubs,MLB,24,R,R,21
88,2023,Emmanuel Rodriguez,OF,Minnesota Twins,MLB,23,L,L,20
89,2023,Zach Neto,SS,Los Angeles Angels,MLB,25,R,R,22
90,2023,Joey Wiemer,OF,Chicago White Sox,AAA,27,R,R,24
91,2023,Alec Burleson,OF,St. Louis Cardinals,MLB,27,L,L,24
92,2023,Brennen Davis,OF,Seattle Mariners,MLB,26,R,R,23
93,2023,Miguel Bleis,OF,Boston Red Sox,AA,22,R,R,19
94,2023,Brock Porter,RHP,Texas Rangers,AA,23,R,R,20
95,2023,Wilmer Flores,RHP,Detroit Tigers,AAA,25,R,R,22
96,2023,Alex Ramírez,OF,Chicago Cubs,AA,23,R,R,20
97,2023,DL Hall,LHP,Milwaukee Brewers,MLB,28,L,L,25
98,2023,Bryce Miller,RHP,Seattle Mariners,MLB,28,R,R,25
99,2023,Joey Ortiz,INF,Milwaukee Brewers,MLB,28,R,R,25
100,2023,Dylan Lesko,RHP,Tampa Bay Rays,A,23,R,R,20
1,2024,Jackson Holliday,2B/SS,Baltimore Orioles,MLB,22,L,R,20
2,2024,Jackson Chourio,OF,Milwaukee Brewers,MLB,22,R,R,20
3,2024,Paul Skenes,RHP,Pittsburgh Pirates,MLB,24,R,R,22
4,2024,Junior Caminero,3B/2B,Tampa Bay Rays,MLB,23,R,R,21
5,2024,Evan Carter,OF,Texas Rangers,MLB,24,L,R,22
6,2024,Wyatt Langford,OF,Texas Rangers,MLB,24,R,R,22
7,2024,Dylan Crews,OF,Washington Nationals,MLB,24,R,R,22
8,2024,Ethan Salas,C,San Diego Padres,MLB,20,L,R,18
9,2024,Colson Montgomery,SS/3B,Chicago White Sox,MLB,24,L,R,22
10,2024,Walker Jenkins,OF,Minnesota Twins,MLB,21,L,R,19
11,2024,Jordan Lawlar,INF,Arizona Diamondbacks,MLB,24,R,R,22
12,2024,Jackson Merrill,SS/OF,San Diego Padres,MLB,23,L,R,21
13,2024,Max Clark,OF,Detroit Tigers,MLB,21,L,L,19
14,2024,James Wood,OF,Washington Nationals,MLB,24,L,R,22
15,2024,Marcelo Mayer,INF,San Francisco Giants,MLB,23,L,R,21
16,2024,Pete Crow-Armstrong,OF,Chicago Cubs,MLB,24,L,L,22
17,2024,Samuel Basallo,C/1B,Baltimore Orioles,MLB,22,L,R,20
18,2024,Brooks Lee,INF,Minnesota Twins,MLB,25,S,R,23
19,2024,Colton Cowser,OF,Baltimore Orioles,MLB,26,L,R,24
20,2024,Carson Williams,SS,Tampa Bay Rays,MLB,23,R,R,21
21,2024,Noelvi Marte,3B/SS,Cincinnati Reds,MLB,24,R,R,22
22,2024,Colt Keith,3B/2B,Detroit Tigers,MLB,25,L,R,23
23,2024,Kyle Harrison,LHP,Milwaukee Brewers,MLB,25,R,L,23
24,2024,Roman Anthony,OF,Boston Red Sox,MLB,22,L,R,20
25,2024,Jackson Jobe,RHP,Detroit Tigers,MLB,24,R,R,22
26,2024,Cade Horton,RHP,Chicago Cubs,MLB,25,R,R,23
27,2024,Andrew Painter,RHP,Philadelphia Phillies,MLB,23,R,R,21
28,2024,Adael Amador,2B,Colorado Rockies,MLB,23,S,R,21
29,2024,Ricky Tiedemann,LHP,Toronto Blue Jays,MLB,24,L,L,22
30,2024,Coby Mayo,3B/1B,Baltimore Orioles,MLB,24,R,R,22
31,2024,Chase DeLauter,OF,Cleveland Guardians,MLB,24,L,L,22
32,2024,Heston Kjerstad,OF,Baltimore Orioles,MLB,27,L,R,25
33,2024,Jacob Misiorowski,RHP,Milwaukee Brewers,MLB,24,R,R,22
34,2024,Rhett Lowder,RHP,Cincinnati Reds,MLB,24,R,R,22
35,2024,Jeferson Quero,C,Milwaukee Brewers,MLB,23,R,R,21
36,2024,Robby Snelling,LHP,Miami Marlins,MLB,22,R,L,20
37,2024,Cole Young,2B/SS,Seattle Mariners,MLB,23,L,R,21
38,2024,Harry Ford,C,Washington Nationals,MLB,23,R,R,21
39,2024,Marco Luciano,SS,New York Yankees,AAA,25,R,R,23
40,2024,Kyle Teel,C,Chicago White Sox,MLB,24,L,R,22
41,2024,Jasson Domínguez,OF,New York Yankees,MLB,23,S,R,21
42,2024,Emmanuel Rodriguez,OF,Minnesota Twins,MLB,23,L,L,21
43,2024,Masyn Winn,SS,St. Louis Cardinals,MLB,24,R,R,22
44,2024,Termarr Johnson,2B,Pittsburgh Pirates,AAA,22,L,R,20
45,2024,Jett Williams,3B/SS/OF,Milwaukee Brewers,AAA,22,R,R,20
46,2024,Tyler Black,1B,Milwaukee Brewers,MLB,26,L,R,24
47,2024,Owen Caissie,OF,Miami Marlins,MLB,24,L,R,22
48,2024,Brady House,3B,Washington Nationals,MLB,23,R,R,21
49,2024,Mick Abel,RHP,Minnesota Twins,MLB,25,R,R,23
50,2024,Noah Schultz,LHP,Chicago White Sox,MLB,23,L,L,21
51,2024,Michael Busch,INF,Chicago Cubs,MLB,28,L,R,26
52,2024,Chase Dollander,RHP,Colorado Rockies,MLB,24,R,R,22
53,2024,Drew Gilbert,OF,San Francisco Giants,MLB,26,L,L,24
54,2024,Matt Shaw,INF,Chicago Cubs,MLB,24,R,R,22
55,2024,Curtis Mead,3B/2B,Boston Red Sox,MLB,25,R,R,23
56,2024,Dylan Lesko,RHP,Tampa Bay Rays,A,23,R,R,21
57,2024,Noble Meyer,RHP,Miami Marlins,A+,21,R,R,19
58,2024,Xavier Isaac,1B,Tampa Bay Rays,AAA,22,L,L,20
59,2024,Kyle Manzardo,1B,Cleveland Guardians,MLB,26,L,R,24
60,2024,Jace Jung,3B/2B,Detroit Tigers,MLB,25,L,R,23
61,2024,Aidan Miller,SS,Philadelphia Phillies,AA,22,R,R,20
62,2024,Jared Jones,RHP,Pittsburgh Pirates,MLB,25,L,R,23
63,2024,Joey Ortiz,INF,Milwaukee Brewers,MLB,28,R,R,26
64,2024,Tink Hence,RHP,St. Louis Cardinals,ROK,24,R,R,22
65,2024,Kevin Alcántara,OF,Chicago Cubs,MLB,24,R,R,22
66,2024,Luisangel Acuña,SS/OF/2B,Chicago White Sox,MLB,24,R,R,22
67,2024,Edwin Arroyo,SS/2B,Cincinnati Reds,MLB,23,S,R,21
68,2024,Jacob Wilson,SS,Athletics,MLB,24,R,R,22
69,2024,AJ Smith-Shawver,RHP,Atlanta Braves,MLB,23,R,R,21
70,2024,Connor Phillips,RHP,Cincinnati Reds,MLB,25,R,R,23
71,2024,Sebastian Walcott,SS/3B,Texas Rangers,AAA,20,R,R,18
72,2024,Yanquiel Fernández,OF,New York Yankees,AAA,23,L,L,21
73,2024,James Triantos,2B/3B/OF,Chicago Cubs,MLB,23,R,R,21
74,2024,Tommy Troy,2B/OF,Arizona Diamondbacks,MLB,24,R,R,22
75,2024,Dalton Rushing,C/OF,Los Angeles Dodgers,MLB,25,L,R,23
76,2024,Ceddanne Rafaela,OF/SS,Boston Red Sox,MLB,26,R,R,24
77,2024,Justin Crawford,OF,Philadelphia Phillies,MLB,22,L,R,20
78,2024,Druw Jones,OF,Arizona Diamondbacks,AA,22,R,R,20
79,2024,Gabriel Gonzalez,OF,Minnesota Twins,MLB,22,R,R,20
80,2024,Nick Frasso,RHP,Colorado Rockies,MLB,27,R,R,25
81,2024,Jordan Beck,OF,Colorado Rockies,MLB,25,R,R,23
82,2024,Anthony Solometo,LHP,Pittsburgh Pirates,AA,23,L,L,21
83,2024,Carson Whisenhunt,LHP,San Francisco Giants,MLB,25,L,L,23
84,2024,Spencer Jones,OF,New York Yankees,MLB,25,L,L,23
85,2024,Drew Thorpe,RHP,Chicago White Sox,AAA,25,L,R,23
86,2024,Roderick Arias,SS,New York Yankees,AA,22,S,R,20
87,2024,Colt Emerson,SS,Seattle Mariners,MLB,21,L,R,19
88,2024,Brock Porter,RHP,Texas Rangers,AA,23,R,R,21
89,2024,Orelvis Martinez,2B/3B,Washington Nationals,AAA,24,R,R,22
90,2024,Hurston Waldrep,RHP,Atlanta Braves,MLB,24,R,R,22
91,2024,Brayan Rocchio,SS/2B,Cleveland Guardians,MLB,25,S,R,23
92,2024,Chase Hampton,RHP,St. Louis Cardinals,MLB,25,R,R,23
93,2024,Bubba Chandler,RHP,Pittsburgh Pirates,MLB,24,S,R,22
94,2024,Blake Mitchell,C,Kansas City Royals,A+,22,L,R,20
95,2024,Nolan Schanuel,1B,Los Angeles Angels,MLB,24,L,R,22
96,2024,Bryce Eldridge,1B,San Francisco Giants,MLB,21,L,R,19
97,2024,Ryan Clifford,1B/OF,New York Mets,AAA,23,L,L,21
98,2024,Chase Petty,RHP,Cincinnati Reds,MLB,23,R,R,21
99,2024,Tekoah Roby,RHP,St. Louis Cardinals,MLB,25,R,R,23
100,2024,Daniel Espino,RHP,Cleveland Guardians,MLB,25,R,R,23
1,2025,Roki Sasaki,RHP,Los Angeles Dodgers,MLB,24,R,R,23
2,2025,Roman Anthony,OF,Boston Red Sox,MLB,22,L,R,21
3,2025,Walker Jenkins,OF,Minnesota Twins,MLB,21,L,R,20
4,2025,Dylan Crews,OF,Washington Nationals,MLB,24,R,R,23
5,2025,Jackson Jobe,RHP,Detroit Tigers,MLB,24,R,R,23
6,2025,Max Clark,OF,Detroit Tigers,MLB,21,L,L,20
7,2025,Kristian Campbell,2B/SS/OF,Boston Red Sox,MLB,24,R,R,23
8,2025,Andrew Painter,RHP,Philadelphia Phillies,MLB,23,R,R,22
9,2025,Carson Williams,SS,Tampa Bay Rays,MLB,23,R,R,22
10,2025,Travis Bazzana,2B,Cleveland Guardians,MLB,24,L,R,23
11,2025,Jordan Lawlar,INF,Arizona Diamondbacks,MLB,24,R,R,23
12,2025,Marcelo Mayer,INF,San Francisco Giants,MLB,23,L,R,22
13,2025,Samuel Basallo,C/1B,Baltimore Orioles,MLB,22,L,R,21
14,2025,Coby Mayo,3B/1B,Baltimore Orioles,MLB,24,R,R,23
15,2025,Bubba Chandler,RHP,Pittsburgh Pirates,MLB,24,S,R,23
16,2025,Noah Schultz,LHP,Chicago White Sox,MLB,23,L,L,22
17,2025,Sebastian Walcott,SS/3B,Texas Rangers,AAA,20,R,R,19
18,2025,Leo De Vries,SS/3B,Athletics,AA,19,S,R,18
19,2025,Matt Shaw,INF,Chicago Cubs,MLB,24,R,R,23
20,2025,Colt Emerson,SS,Seattle Mariners,MLB,21,L,R,20
21,2025,Jasson Domínguez,OF,New York Yankees,MLB,23,S,R,22
22,2025,Jac Caglianone,1B/OF,Kansas City Royals,MLB,23,L,L,22
23,2025,JJ Wetherholt,INF,St. Louis Cardinals,MLB,24,L,R,23
24,2025,Bryce Eldridge,1B,San Francisco Giants,MLB,21,L,R,20
25,2025,Chase Dollander,RHP,Colorado Rockies,MLB,24,R,R,23
26,2025,Chase Burns,RHP,Cincinnati Reds,MLB,23,R,R,22
27,2025,Aidan Miller,SS,Philadelphia Phillies,AA,22,R,R,21
28,2025,Kevin McGonigle,SS,Detroit Tigers,MLB,22,L,R,21
29,2025,Charlie Condon,1B/OF,Colorado Rockies,AAA,23,R,R,22
30,2025,Dalton Rushing,C/OF,Los Angeles Dodgers,MLB,25,L,R,24
31,2025,Jacob Wilson,SS,Athletics,MLB,24,R,R,23
32,2025,Kyle Teel,C,Chicago White Sox,MLB,24,L,R,23
33,2025,Ethan Salas,C,San Diego Padres,MLB,20,L,R,19
34,2025,Hagen Smith,LHP,Chicago White Sox,MLB,23,L,L,22
35,2025,Rhett Lowder,RHP,Cincinnati Reds,MLB,24,R,R,23
36,2025,Chase DeLauter,OF,Cleveland Guardians,MLB,24,L,L,23
37,2025,Emmanuel Rodriguez,OF,Minnesota Twins,MLB,23,L,L,22
38,2025,Nick Kurtz,1B,Athletics,MLB,23,L,L,22
39,2025,Colson Montgomery,SS/3B,Chicago White Sox,MLB,24,L,R,23
40,2025,Josue De Paula,OF,Los Angeles Dodgers,AAA,21,L,L,20
41,2025,Thomas White,LHP,Miami Marlins,AAA,22,L,L,21
42,2025,Lazaro Montes,OF,Seattle Mariners,MLB,21,L,R,20
43,2025,Konnor Griffin,SS,Pittsburgh Pirates,MLB,20,R,R,19
44,2025,Kumar Rocker,RHP,Texas Rangers,MLB,26,R,R,25
45,2025,Quinn Mathews,LHP,St. Louis Cardinals,MLB,25,L,L,24
46,2025,Brandon Sproat,RHP,Milwaukee Brewers,MLB,26,R,R,25
47,2025,Jeferson Quero,C,Milwaukee Brewers,MLB,23,R,R,22
48,2025,Blake Mitchell,C,Kansas City Royals,A+,22,L,R,21
49,2025,Cole Young,2B/SS,Seattle Mariners,MLB,23,L,R,22
50,2025,Alejandro Rosario,RHP,Washington Nationals,AA,24,R,R,23
51,2025,Xavier Isaac,1B,Tampa Bay Rays,AAA,22,L,L,21
52,2025,Cade Horton,RHP,Chicago Cubs,MLB,25,R,R,24
53,2025,Bryce Rainer,SS,Detroit Tigers,A+,21,L,R,20
54,2025,Owen Caissie,OF,Miami Marlins,MLB,24,L,R,23
55,2025,Braden Montgomery,OF,Chicago White Sox,MLB,23,S,R,22
56,2025,Jesús Made,SS,Milwaukee Brewers,AA,19,S,R,18
57,2025,Cooper Pratt,SS,Milwaukee Brewers,MLB,22,R,R,21
58,2025,Jett Williams,3B/SS/OF,Milwaukee Brewers,AAA,22,R,R,21
59,2025,Cam Smith,3B,Houston Astros,MLB,23,R,R,22
60,2025,Jaison Chourio,OF,Cleveland Guardians,AA,21,S,R,20
61,2025,Luke Keaschall,2B/OF/1B,Minnesota Twins,MLB,24,R,R,23
62,2025,Angel Genao,SS/3B,Cleveland Guardians,MLB,22,S,R,21
63,2025,Drake Baldwin,C,Atlanta Braves,MLB,25,L,R,24
64,2025,Justin Crawford,OF,Philadelphia Phillies,MLB,22,L,R,21
65,2025,Harry Ford,C,Washington Nationals,MLB,23,R,R,22
66,2025,Edgar Quero,C,Chicago White Sox,MLB,23,S,R,22
67,2025,Brayden Taylor,3B/2B,Miami Marlins,AAA,24,L,R,23
68,2025,Christian Moore,2B,Los Angeles Angels,MLB,23,R,R,22
69,2025,Moisés Ballesteros,C,Los Angeles Angels,MLB,22,L,R,21
70,2025,Travis Sykora,RHP,Washington Nationals,AA,22,R,R,21
71,2025,Jackson Ferris,LHP,Los Angeles Dodgers,AAA,22,L,L,21
72,2025,Alex Freeland,INF,Los Angeles Dodgers,AAA,25,S,R,24
73,2025,James Triantos,2B/3B/OF,Chicago Cubs,MLB,23,R,R,22
74,2025,Felnin Celesten,SS,Seattle Mariners,AA,21,S,R,20
75,2025,Zyhir Hope,OF,Detroit Tigers,AA,21,L,L,20
76,2025,Franklin Arias,SS,Boston Red Sox,AAA,20,R,R,19
77,2025,Tink Hence,RHP,St. Louis Cardinals,ROK,24,R,R,23
78,2025,Caden Dana,RHP,Los Angeles Angels,MLB,22,L,R,21
79,2025,Jarlin Susana,RHP,Washington Nationals,AAA,22,R,R,21
80,2025,Thomas Harrington,RHP,Pittsburgh Pirates,MLB,25,R,R,24
81,2025,Starlyn Caba,SS/2B,Miami Marlins,A+,20,S,R,19
82,2025,Thayron Liranzo,C/1B,Detroit Tigers,MLB,23,S,R,22
83,2025,Termarr Johnson,2B,Pittsburgh Pirates,AAA,22,L,R,21
84,2025,Sal Stewart,INF,Cincinnati Reds,MLB,22,R,R,21
85,2025,Noble Meyer,RHP,Miami Marlins,A+,21,R,R,20
86,2025,Carter Jensen,C,Kansas City Royals,MLB,23,L,R,22
87,2025,Arjun Nimmala,SS,Los Angeles Angels,AA,20,R,R,19
88,2025,Trey Yesavage,RHP,Toronto Blue Jays,MLB,23,R,R,22
89,2025,Cam Caminiti,LHP,Atlanta Braves,AA,20,L,L,19
90,2025,Kevin Alcántara,OF,Chicago Cubs,MLB,24,R,R,23
91,2025,Cam Collier,3B/1B,Cincinnati Reds,AA,21,L,R,20
92,2025,Edwin Arroyo,SS/2B,Cincinnati Reds,MLB,23,S,R,22
93,2025,Eduardo Tait,C,Minnesota Twins,A+,20,L,R,19
94,2025,Tre' Morgan,1B,Tampa Bay Rays,AAA,24,L,L,23
95,2025,Josue Briceño,C/1B,Detroit Tigers,AAA,22,L,R,21
96,2025,Jonny Farmelo,OF,Seattle Mariners,AA,22,L,R,21
97,2025,Jefferson Rojas,3B/SS,New York Mets,AAA,21,R,R,20
98,2025,Michael Arroyo,OF/2B,Seattle Mariners,MLB,21,R,R,20
99,2025,Theo Gillen,OF,Tampa Bay Rays,AA,21,L,R,20
100,2025,Jacob Misiorowski,RHP,Milwaukee Brewers,MLB,24,R,R,23
1,2026,Jesús Made,SS,Milwaukee Brewers,AA,19,S,R,19
2,2026,Leo De Vries,SS/3B,Athletics,AA,19,S,R,19
3,2026,Franklin Arias,SS,Boston Red Sox,AAA,20,R,R,20
4,2026,Eli Willits,SS,Washington Nationals,AA,18,S,R,18
5,2026,Kade Anderson,LHP,Seattle Mariners,MLB,22,L,L,22
6,2026,Josue De Paula,OF,Los Angeles Dodgers,AAA,21,L,L,21
7,2026,Seth Hernandez,RHP,Pittsburgh Pirates,A+,20,R,R,20
8,2026,Ryan Sloan,RHP,Seattle Mariners,AA,20,R,R,20
9,2026,Sebastian Walcott,SS/3B,Texas Rangers,AAA,20,R,R,20
10,2026,Grady Emerson,SS,Tampa Bay Rays,A,18,L,R,18
11,2026,Roch Cholowsky,SS,Chicago White Sox,A+,21,R,R,21
12,2026,Theo Gillen,OF,Tampa Bay Rays,AA,21,L,R,21
13,2026,Walker Jenkins,OF,Minnesota Twins,MLB,21,L,R,21
14,2026,Mike Sirota,OF,Los Angeles Dodgers,AAA,23,R,R,23
15,2026,Josuar Gonzalez,SS/2B,San Francisco Giants,A,18,S,R,18
16,2026,Rainiel Rodriguez,C/1B,St. Louis Cardinals,AA,19,R,R,19
17,2026,Vahn Lackey,C,Minnesota Twins,A+,21,R,R,21
18,2026,Eduardo Quintero,OF,Los Angeles Dodgers,AA,21,R,R,21
19,2026,Luis Peña,SS,Milwaukee Brewers,AA,19,R,R,19
20,2026,Alfredo Duno,C,Cincinnati Reds,AA,20,R,R,20
21,2026,Ethan Salas,C,San Diego Padres,MLB,20,L,R,20
22,2026,Emil Morales,SS/3B,Los Angeles Dodgers,A+,20,R,R,20
23,2026,Ethan Holliday,SS,Colorado Rockies,A,19,L,R,19
24,2026,JoJo Parker,SS,Toronto Blue Jays,A+,20,L,R,20
25,2026,Luis Hernández,SS/3B,San Francisco Giants,A,17,R,R,17
26,2026,Zyhir Hope,OF,Detroit Tigers,AA,21,L,L,21
27,2026,Caleb Bonemer,3B/SS,Chicago White Sox,AA,20,R,R,20
28,2026,Jackson Flora,RHP,San Francisco Giants,AA,21,R,R,21
29,2026,Ralphy Velazquez,1B/OF,Cleveland Guardians,AAA,21,L,R,21
30,2026,Gage Wood,RHP,Philadelphia Phillies,AA,22,R,R,22
31,2026,Kaelen Culpepper,SS,Minnesota Twins,MLB,23,R,R,23
32,2026,Edward Florentino,OF,Pittsburgh Pirates,A+,19,L,R,19
33,2026,Christian Zazueta,RHP,Los Angeles Dodgers,AA,21,R,R,21
34,2026,Thomas White,LHP,Miami Marlins,AAA,22,L,L,22
35,2026,Arjun Nimmala,SS,Los Angeles Angels,AA,20,R,R,20
36,2026,Josiah Hartshorn,1B/OF,Chicago Cubs,AA,19,S,L,19
37,2026,Eric Booth Jr.,OF,Baltimore Orioles,A,18,L,L,18
38,2026,Drew Burress,OF,Athletics,A,21,R,R,21
39,2026,Eric Hartman,OF,Atlanta Braves,AA,20,L,R,20
40,2026,Cam Caminiti,LHP,Atlanta Braves,AA,20,L,L,20
41,2026,Liam Doyle,LHP,St. Louis Cardinals,AA,22,R,L,22
42,2026,Michael Arroyo,OF/2B,Seattle Mariners,MLB,21,R,R,21
43,2026,Tyler Bremner,RHP,Los Angeles Angels,AA,22,R,R,22
44,2026,Jhonny Level,SS/2B,San Francisco Giants,A+,19,S,R,19
45,2026,Bryce Rainer,SS,Detroit Tigers,A+,21,L,R,21
46,2026,Anthony Eyanson,RHP,Baltimore Orioles,AA,21,R,R,21
47,2026,Felnin Celesten,SS,Seattle Mariners,AA,21,S,R,21
48,2026,Caden Bodine,C,Tampa Bay Rays,AAA,22,S,R,22
49,2026,Travis Sykora,RHP,Washington Nationals,AA,22,R,R,22
50,2026,Robby Snelling,LHP,Miami Marlins,MLB,22,R,L,22
51,2026,Kendry Chourio,RHP,Kansas City Royals,A+,18,R,R,18
52,2026,Roldy Brito,OF/2B,Colorado Rockies,A+,19,S,R,19
53,2026,Lazaro Montes,OF,Seattle Mariners,MLB,21,L,R,21
54,2026,Jamie Arnold,LHP,Athletics,AAA,22,L,L,22
55,2026,Charlie Condon,1B/OF,Colorado Rockies,AAA,23,R,R,23
56,2026,Joshua Báez,OF,St. Louis Cardinals,MLB,23,R,R,23
57,2026,Tate Southisene,SS/2B,Atlanta Braves,AA,19,R,R,19
58,2026,Aidan Miller,SS,Philadelphia Phillies,AA,22,R,R,22
59,2026,Billy Carlson,SS,Chicago White Sox,A,20,R,R,20
60,2026,Aiva Arquette,SS,Miami Marlins,AA,22,R,R,22
61,2026,Tyler Bell,SS,Colorado Rockies,ROK,21,S,R,21
62,2026,Nathan Flewelling,C,Tampa Bay Rays,A+,19,L,R,19
63,2026,River Ryan,RHP,Detroit Tigers,MLB,28,R,R,28
64,2026,Jacob Lombard,SS,Miami Marlins,A,19,R,R,19
65,2026,Jarlin Susana,RHP,Washington Nationals,AAA,22,R,R,22
66,2026,Josue Briceño,C/1B,Detroit Tigers,AAA,22,L,R,22
67,2026,Josh Hammond,SS/3B,Kansas City Royals,A,20,R,R,20
68,2026,Seaver King,SS/2B,Washington Nationals,AAA,23,R,R,23
69,2026,Braylon Doughty,RHP,Cleveland Guardians,AA,20,R,R,20
70,2026,Jonny Farmelo,OF,Seattle Mariners,AA,22,L,R,22
71,2026,Marek Houston,SS,Minnesota Twins,AA,22,R,R,22
72,2026,Demetrio Crisantes,2B,Arizona Diamondbacks,AAA,22,R,R,22
73,2026,Jefferson Rojas,3B/SS,New York Mets,AAA,21,R,R,21
74,2026,Caden Scarborough,RHP,Texas Rangers,A+,21,R,R,21
75,2026,Karson Milbrandt,RHP,Miami Marlins,AAA,22,R,R,22
76,2026,Justin Gonzales,OF,Boston Red Sox,AA,19,R,R,19
77,2026,Kevin Alvarez,OF,Houston Astros,A,18,L,L,18
78,2026,Francisco Renteria,OF,Philadelphia Phillies,ROK,17,R,R,17
79,2026,Juneiker Caceres,OF,Cleveland Guardians,A+,19,L,L,19
80,2026,Cooper Flemming,INF,Tampa Bay Rays,A,20,L,R,20
81,2026,Angeibel Gomez,OF,Kansas City Royals,ROK,17,R,R,17
82,2026,Cam Cannarella,OF,Miami Marlins,AAA,23,L,R,23
83,2026,Dax Kilby,SS,New York Yankees,A,19,L,R,19
84,2026,Charles Davalan,OF,Los Angeles Dodgers,AA,22,L,R,22
85,2026,Josh Adamczewski,OF,Milwaukee Brewers,AA,21,L,R,21
86,2026,Joseph Dzierwa,LHP,Baltimore Orioles,AA,22,R,L,22
87,2026,Derek Curiel,OF,Pittsburgh Pirates,ROK,21,L,L,21
88,2026,Steele Hall,SS,Cincinnati Reds,A,19,R,R,19
89,2026,Owen Ayers,C/1B,Chicago Cubs,AAA,25,S,R,25
90,2026,Xavier Neyens,3B/SS,Houston Astros,A+,19,L,R,19
91,2026,Murf Gray,3B,Pittsburgh Pirates,AA,22,R,R,22
92,2026,Nolan Perry,RHP,Toronto Blue Jays,AA,23,R,R,23
93,2026,Gio Rojas,LHP,Texas Rangers,ROK,19,R,L,19
94,2026,Caden Hunter,LHP,Baltimore Orioles,AA,22,R,L,22
95,2026,Brady Ebel,SS,Milwaukee Brewers,A+,19,L,R,19
96,2026,Ramon Marquez,RHP,San Francisco Giants,A+,21,R,R,21
97,2026,Ike Irish,OF/1B,Baltimore Orioles,A+,22,L,R,22
98,2026,Bryan Rincon,SS,Philadelphia Phillies,AA,22,S,R,22
99,2026,Leo Bernal,C/1B,St. Louis Cardinals,MLB,22,S,R,22
100,2026,Taitn Gray,1B,Tampa Bay Rays,A,19,S,R,19