Rank,Player,Position,Current Team,Current Level,Current Age,Bats,Throws,Age at Rankings
1,Shohei Ohtani,TWP,Los Angeles Dodgers,MLB,32,L,R,24
2,Ronald Acuña Jr.,OF,Atlanta Braves,MLB,28,R,R,20
3,Vladimir Guerrero Jr.,3B,Toronto Blue Jays,MLB,27,R,R,19
4,Eloy Jiménez,OF,Toronto Blue Jays,AAA,29,R,R,21
5,Gleyber Torres,INF,Detroit Tigers,MLB,29,R,R,21
6,Victor Robles,OF,Seattle Mariners,MLB,29,R,R,21
7,Nick Senzel,3B/2B/OF,Los Angeles Dodgers,AAA,31,R,R,23
8,Fernando Tatis Jr.,SS,San Diego Padres,MLB,27,R,R,19
9,Forrest Whitley,RHP,Tampa Bay Rays,MLB,29,R,R,21
10,Michael Kopech,RHP,Los Angeles Dodgers,MLB,30,R,R,22
11,Francisco Mejía,C/OF,-,-,30,S,R,22
12,Brent Honeywell,RHP,San Diego Padres,AAA,31,R,R,23
13,Walker Buehler,RHP,San Diego Padres,MLB,32,R,R,24
14,Bo Bichette,SS,New York Mets,MLB,28,R,R,20
15,Brendan Rodgers,2B/SS,Boston Red Sox,AAA,30,R,R,22
16,Mitch Keller,RHP,Pittsburgh Pirates,MLB,30,R,R,22
17,Kyle Tucker,OF,Los Angeles Dodgers,MLB,29,L,R,21
18,Alex Reyes,RHP,Los Angeles Dodgers,MLB,32,R,R,24
19,MacKenzie Gore,LHP,Texas Rangers,MLB,27,L,L,19
20,Royce Lewis,SS,Minnesota Twins,MLB,27,R,R,19
21,Hunter Greene,RHP,Cincinnati Reds,MLB,27,R,R,19
22,Willy Adames,SS/2B,San Francisco Giants,MLB,31,R,R,23
23,Austin Hays,OF,San Diego Padres,MLB,31,R,R,23
24,Triston McKenzie,RHP,San Diego Padres,AAA,29,R,R,21
25,Brendan McKay,LHP,Tampa Bay Rays,AAA,30,L,L,22
26,Sixto Sánchez,RHP,Miami Marlins,AAA,28,R,R,20
27,Lewis Brinson,OF,-,-,32,R,R,24
28,Luis Robert Jr.,OF,Baltimore Orioles,MLB,29,R,R,21
29,Juan Soto,OF,New York Mets,MLB,27,L,L,19
30,Kyle Wright,RHP,Chicago Cubs,AAA,30,R,R,22
31,Michael Soroka,RHP,Arizona Diamondbacks,MLB,29,R,R,21
32,A.J. Puk,LHP,Arizona Diamondbacks,MLB,31,L,L,23
33,Alex Verdugo,OF,San Diego Padres,ROK,30,L,L,22
34,Leody Taveras,OF,Baltimore Orioles,MLB,28,S,R,20
35,Scott Kingery,INF/OF,Chicago Cubs,AAA,32,R,R,24
36,Luis Urías,INF,Toronto Blue Jays,MLB,29,R,R,21
37,J.P. Crawford,SS,Seattle Mariners,MLB,31,L,R,23
38,Jack Flaherty,RHP,Detroit Tigers,MLB,30,R,R,22
39,Franklin Pérez,RHP,Detroit Tigers,A,28,R,R,20
40,Cal Quantrill,RHP,Texas Rangers,MLB,31,L,R,23
41,Ryan McMahon,1B/2B/3B,New York Yankees,MLB,31,L,R,23
42,Michel Baez,RHP,-,-,30,R,R,22
43,Taylor Trammell,OF,Houston Astros,MLB,29,L,L,21
44,Estevan Florial,OF,-,-,28,L,R,20
45,Austin Meadows,OF,Detroit Tigers,MLB,31,L,L,23
46,Carson Kelly,C,Chicago Cubs,MLB,32,R,R,24
47,Anthony Alford,OF,-,-,32,R,R,24
48,Justus Sheffield,LHP,-,-,30,L,L,22
49,Luiz Gohara,LHP,Los Angeles Angels,AAA,30,L,L,22
50,Adrian Morejon,LHP,San Diego Padres,MLB,27,L,L,19
51,Ian Anderson,RHP,Atlanta Braves,AAA,28,R,R,20
52,Keibert Ruiz,C,Washington Nationals,MLB,28,S,R,20
53,Willie Calhoun,2B/OF,-,-,31,L,R,23
54,Alec Hansen,RHP,Chicago White Sox,AA,31,R,R,23
55,Matt Manning,RHP,Philadelphia Phillies,AA,28,R,R,20
56,Keston Hiura,1B,Los Angeles Dodgers,AAA,30,R,R,22
57,Jesús Sánchez,OF,Arizona Diamondbacks,AAA,28,L,R,20
58,Kolby Allard,LHP,Philadelphia Phillies,AAA,29,L,L,21
59,Alex Faedo,RHP,Los Angeles Angels,AAA,30,R,R,22
60,Jesús Luzardo,LHP,Philadelphia Phillies,MLB,29,L,L,21
61,Dylan Cease,RHP,Toronto Blue Jays,MLB,30,R,R,22
62,Jo Adell,OF,Cleveland Guardians,MLB,27,R,R,19
63,Heliot Ramos,OF,New York Yankees,MLB,27,R,R,19
64,Jake Bauers,1B/OF,Milwaukee Brewers,MLB,30,L,L,22
65,Miguel Andujar,3B,San Diego Padres,MLB,31,R,R,23
66,Franklin Barreto,2B/SS,-,-,30,R,R,22
67,Shane Baz,RHP,Baltimore Orioles,MLB,27,R,R,19
68,Fernando Romero,RHP,Los Angeles Angels,AAA,31,R,R,23
69,Corbin Burnes,RHP,Arizona Diamondbacks,MLB,31,R,R,23
70,Kyle Lewis,OF,Arizona Diamondbacks,MLB,31,R,R,23
71,Monte Harrison,OF,Milwaukee Brewers,AAA,31,R,R,23
72,Jorge Mateo,SS/2B,Tampa Bay Rays,MLB,31,R,R,23
73,Jon Duplantier,RHP,Milwaukee Brewers,MLB,32,L,R,24
74,Albert Abreu,RHP,-,-,31,R,R,23
75,Chance Adams,RHP,Colorado Rockies,AAA,32,R,R,24
76,J.B. Bukauskas,RHP,Milwaukee Brewers,AAA,29,R,R,21
77,Beau Burrows,RHP,Pittsburgh Pirates,AAA,30,R,R,22
78,Stephen Gonsalves,LHP,-,-,32,L,L,24
79,Michael Chavis,3B/1B,Cincinnati Reds,AAA,31,R,R,23
80,Nick Gordon,SS/2B,Kansas City Royals,AAA,30,L,R,22
81,Christian Arroyo,3B/SS,New York Mets,AAA,31,R,R,23
82,Jesse Winker,OF,New York Mets,MLB,33,L,L,25
83,Max Fried,LHP,New York Yankees,MLB,32,L,L,24
84,Tyler Mahle,RHP,Atlanta Braves,MLB,32,R,R,24
85,Jay Groome,LHP,-,-,28,L,L,20
86,Adonis Medina,RHP,-,-,29,R,R,21
87,Kevin Maitan,3B/SS/2B,Minnesota Twins,A+,26,R,R,18
88,Mickey Moniak,OF,Colorado Rockies,MLB,28,L,R,20
89,Anderson Espinoza,RHP,-,-,28,R,R,20
90,Carter Kieboom,SS/2B,Philadelphia Phillies,AAA,29,R,R,21
91,Pavin Smith,1B/OF,Arizona Diamondbacks,MLB,30,L,L,22
92,Dane Dunning,RHP,Seattle Mariners,AAA,31,R,R,23
93,Jahmai Jones,2B/OF,Boston Red Sox,MLB,29,R,R,21
94,Tyler O'Neill,OF,Baltimore Orioles,MLB,31,R,R,23
95,Adam Haseley,CF,Chicago White Sox,MLB,30,L,L,22
96,Brandon Woodruff,RHP,Milwaukee Brewers,MLB,33,L,R,25
97,Austin Riley,3B,Atlanta Braves,MLB,29,R,R,21
98,Ryan Mountcastle,OF/1B,Baltimore Orioles,MLB,29,R,R,21
99,Blake Rutherford,OF,-,-,29,L,R,21
100,Riley Pint,RHP,San Diego Padres,AAA,28,R,R,20